,industrial_production,real_person_income,unemployment_rate,initial_jobless_claims,continuing_claims,cpi,oil_price,vix,credit_spread,yield_curve_slope,fed_funds_rate,consumer_sentiment,housing_starts,m2_money_supply,dollar_index
1990-02-28,0.7667401441339977,0.21325680267990868,-0.17681470150859202,0.08652297148093567,0.140235331631071,0.6482265702881076,-0.51727746656916,0.3384586075259481,-0.8606175396253659,-1.015352737744562,0.11264801630901414,-0.8162590640760444,-0.9719357974777513,-0.1168778178920178,0.017130199028889816
1990-03-31,0.37089922587000734,-0.1429522770634781,-0.1768147015085904,-0.05685704560589891,0.0825716047988526,0.9330780870762595,-0.5773701003732877,0.03355882186027266,-1.0010666723699824,-1.0920085410020401,0.27778847559195485,0.45354519911443997,-1.3852609711191672,-0.20744832063064797,1.046560185173892
1990-04-30,-0.36726838452922445,0.5827370249172382,0.36622902545247393,0.27251410344750704,0.1671857817456446,0.05667209775541689,-0.934116570769005,0.005227425847090288,-1.1134259785656757,-1.015352737744562,-0.052492442973926565,0.6452137671431951,-0.409510500163951,-0.17464911264273764,-0.009542163446288244
1990-05-31,0.1830335921490118,-0.4381325060725144,0.0041998741450971705,-0.054564052301799254,0.12278591376566189,-0.23455200427750816,-0.572545518163853,-0.2848321047640612,-0.8184827998019809,-0.9934510796709967,-0.3827733615398177,-0.7683419220688591,-0.3704879618179852,-0.9045052293427016,-0.7341126858479442
1990-06-30,0.21695807976949477,-0.09792049417375136,-0.35782927716227964,0.08343602853373963,0.05070887402449113,1.4937351825164125,-0.2551182219120781,-0.53711644069097,-0.7061234936062875,-0.8948936183399534,0.6631162139188262,-0.528756212032915,-0.37090548383259336,-0.08391037270622456,-0.013835026896945329
1990-07-31,-0.28225807217784327,0.25562617525636355,0.5472436011061615,0.08239070609890817,0.08369598354908284,0.907588451234972,1.7873409493316377,0.21973656708975592,-0.7342133201552108,-0.6101720633836057,-0.7130542801056992,-0.0016676499538450908,-0.06179500540694167,-0.22008159551623185,-1.4669487551450346
1990-08-31,0.22676942273854023,-1.1340160273583786,0.36622902545247393,0.36995538364394087,0.32679764257176497,2.3214799185783455,2.75885980045892,1.405607857355813,-0.8465726263509042,-0.23784387613299737,-0.052492442973926565,-2.8048204573743507,-0.6226245937674454,0.16390818938928267,-1.3604868618077053
1990-09-30,-0.1048124448334042,-0.4551658249513034,0.36622902545247393,0.1456586173415119,0.4137841398141173,1.7320303542929951,3.4925518693503936,1.2990278437824132,-0.4954497944893626,-0.22689304709621477,0.44292893487489554,-0.8402176350796405,-0.05391971536740149,-0.1222939727579639,-0.7037052574607344
1990-10-31,-0.6819239722154479,-1.5835351531146848,0.0041998741450971705,0.4796687903340064,0.5416661623250159,1.7147974942331994,-1.1082404393381189,1.4244954546979347,-0.22859644227459103,-0.13928641480195403,-0.437820181300798,-2.1100218982701233,-1.152284088741852,-0.5768920923115207,-1.6092283227970554
1990-11-30,-1.3564135924562102,-0.30710350286817706,0.5472436011061615,0.2770903275618567,0.6014078089033507,0.0253921505938981,-1.890683746246986,0.3613935471556673,-0.031967656432127525,-0.30354885035369306,-1.5938033962814073,0.5254209121252231,1.5559601260705298,-0.6573448950436721,-0.4126878199239431
1990-12-31,-0.8284348314129075,0.29455002736855435,0.18521444979878476,-0.08994632972019642,-0.05413588422306575,0.580563183075434,-0.22153276130917365,0.930719695611044,0.0803916497635659,-0.084532269618041,-2.6947397915010365,-0.0975019339682227,-2.1289515143091466,-0.3206929858413769,0.8217069270738513
1991-01-31,-0.4292914587358091,-1.5507384954768308,0.18521444979878637,0.10357890438663897,0.7537445756928667,0.5753783823222948,-2.551534248014204,0.1927542851724396,0.0101670833912572,-0.029778124434128084,-2.1442715938912196,0.3337523440964697,-2.4772675382368923,0.05854263789467234,-0.0599081213730265
1991-02-28,-0.8332318058307157,-0.27940530649083745,0.3662290254524723,0.43358750248786115,0.45252676812742626,-0.5364443270051572,-1.2481625573371584,0.2359259362401459,-0.28477609537243775,-0.029778124434128084,-3.5754889076767395,0.8847994771791358,2.431426598840596,0.10501300970415318,-0.7821559274012821
1991-03-31,-0.6733085889638162,-0.1861539295267265,0.36622902545247393,0.006816287333221276,0.5980178288139798,-0.8136265198665285,0.1526217776495941,-0.3509386954614867,-0.4673599679404392,0.024976020749784954,-0.6580074603447238,4.167123704671519,-0.5927819378881507,0.13390047261438356,2.6966985782053343
1991-04-30,0.14397296063862913,0.055829474957350834,-0.1768147015085904,-0.4199549278214187,-0.07715541837283098,0.016687985264727655,0.6246239721836803,-0.16745917842373503,-0.6499438405084408,0.23304177244865426,-1.0983820184325754,-1.3912647681623032,1.0677811223128166,-0.2572426596534818,0.9974479125354346
1991-05-31,0.7987763422377163,-0.29795304676283096,0.36622902545247393,-0.2258164825225589,-0.0011877104308657942,0.566142273975064,0.05701750363706814,-0.4791045345687397,-0.7342133201552108,0.40825503703717575,-0.6580074603447238,-0.8162590640760444,-0.060476116336864005,-0.2535128456921422,0.35177754127353733
1991-06-30,0.6724108592502728,0.477711435382028,0.0041998741450971705,-0.3149651606093893,-0.34174267092211774,0.2865303513643294,-0.2977965728373276,0.009274768134687906,-0.8887073661742892,0.36445172089004557,0.7181630336798114,0.9327166191863211,0.5066111260830077,-0.35001680970641624,1.034573019666764
1991-07-31,0.15967930724362608,-0.5904995948915317,-0.17681470150859202,0.07268530332066096,-0.14834720170716148,-0.26476089906925665,0.49917483701832654,-0.5802880917586763,-0.972976845821059,0.4192058660739583,-0.3827733615398177,0.2139594890785028,0.33223775998861177,-0.6125061161131411,-0.12027880483333901
1991-08-31,-0.11332835973843873,-0.079083283836569,0.18521444979878637,0.03294614226986171,-0.07891844180234156,0.2816909446856869,0.23341170091209124,-0.6774243066610154,-0.7623031467041341,0.4958616693314366,-0.8231479196276694,-0.19333621798260028,-0.16589133180549454,-0.9073834553444889,-0.6888498119290551
1991-09-30,0.6560039149324635,0.08890651768646977,0.0041998741450971705,0.1610587986595067,0.038825808348783554,0.2784882574704139,-0.033670205020842156,-0.48989744733566626,-0.4954497944893626,0.5177633274050019,-1.0983820184325754,0.2618766310856882,-0.4174868431192634,-0.8517675895050951,-1.0383683211949823
1991-10-31,-0.16536861336961967,-0.5437138960710782,0.18521444979878476,-0.1735560789297046,0.03253324460545384,-0.2687642967072961,0.41938380849650087,-0.5398146688827016,-0.38309048829366915,0.8353373694716972,-1.263522477715521,-1.1037619161191736,0.7847827587004762,-0.5571651480794481,-0.5320924548656476
1991-11-30,-0.2661911049163736,0.04810885412093861,0.0041998741450971705,0.2752191845022266,0.1549911563043827,0.8162072855451671,-0.8000499826470054,0.10506186894116136,-0.3269108351958225,1.0872064373176968,-2.1442715938912245,-2.1818976112809065,0.28459277432261265,-0.5465212969085351,-0.950460658014919
1991-12-31,-0.5861323325468295,0.5973102974833511,0.5472436011061615,-0.030739917369443037,-0.019706102931685142,0.2689915938765021,-1.1267932841134924,-0.023103970166092083,0.1365713028614126,1.0215014630970012,-2.034177954369259,-0.19333621798259687,-0.2775806189102117,-0.4750429555032681,-0.7355925865119449
1992-01-31,-0.6227740335933744,0.08388236014937528,0.0041998741450971705,0.006816287333221276,0.07767642180643503,-0.5434615983301768,-0.13200167663387077,-0.28078476247646406,-0.5516294475872093,1.3062230180533492,-2.1442715938912196,-0.14541907597541148,1.1034221500106567,-0.3487880865627017,0.0516335310837806
1992-02-29,0.5717332517196938,0.44586074383825103,0.18521444979878637,0.04437249203588559,-0.25311322686256166,-0.004302286108400974,-0.143606011426321,-0.3779209773788031,-0.5516294475872093,1.0872064373176968,0.2227416558309746,0.3337523440964697,0.783231962973492,0.18858595161765396,1.0707565048864973
1992-03-31,0.7131582300272862,-0.1806098154670708,0.0041998741450971705,-0.3010139575980785,0.17726962613859176,0.531362285856233,0.3830737423827708,-0.44537668217209414,-0.8325277130764426,1.0215014630970012,-0.3827733615398153,1.7473080333085207,0.4751176972165611,-0.6322575604736403,1.328065939141771
1992-04-30,0.6229291077442703,0.08280662710594348,0.0041998741450971705,0.059323969332216564,0.09292302137792754,-0.008951908293549221,0.6429575347150348,-0.5330690984033726,-0.9308421059976743,1.2514688728694359,-1.3185692974765013,0.309793773092877,-2.1130812623602337,-1.0766199091523376,-0.21761347494092467
1992-05-31,0.2072217068860592,0.45076401591734194,0.3662290254524723,-0.16568566712032293,0.08615656446567548,-0.010681772640668824,0.5394190684876423,-0.7583711524129648,-0.7342133201552108,1.2405180438326535,0.5530225743968658,0.5014623411216288,1.2750949784059165,-0.9065987342603553,-0.6602747421190821
1992-06-30,-0.06247423594953126,0.31402521606285294,0.36622902545247393,0.1268105597877702,-0.15281371622426307,0.25428839703587197,-0.14776436127766787,-0.8271759713021217,-0.6078091006850557,1.4266821374579575,-0.27267972201785484,0.309793773092877,-0.7441662894706809,-1.1319678630493175,-1.1809617526201277
1992-07-31,0.7788247880204836,-0.4513832735721417,-0.1768147015085904,1.6398639343197512,-0.06268965703061719,0.25124373170231257,-0.025102003458937913,-0.8514600250277065,-0.45331505466597755,1.4157313084211747,-2.749786611262017,-0.8881347770868293,-0.06362481638972739,-0.8187086799103455,-1.2541635323830933
1992-08-31,-0.6574139763053893,0.23528485211915018,-0.17681470150859202,-1.7868083702123132,-0.4444393856099318,-0.016961473275474093,-0.18536768245616705,-0.7961463470972078,-0.3269108351958225,1.6018954020464793,0.33283529535294,-0.0975019339682227,0.9439879009488962,-0.5769560342923208,-0.5069308603444551
1992-09-30,0.20794349751835212,-0.9260035196341789,0.0041998741450971705,0.020376928071851385,0.0655088811616376,-0.018657107859662552,0.14398749464576602,-0.7017083603866003,-0.003877829883204166,1.7114036924143048,-0.3827733615398153,-0.0975019339682227,-0.42032108572522286,-0.21581577780941472,0.434840671744303
1992-10-31,0.5419828566301997,-1.0344997304509325,-0.5388438528159673,-0.6236795891320871,-0.7263015803204511,0.7712541654139707,-0.5420318349834019,-0.44942402445969176,-0.14432696262782094,1.5252395987890008,-0.6029606405837435,-0.528756212032915,0.6135631889924265,-0.10888972138441322,1.3013005095924313
1992-11-30,0.2557707948815279,0.3309195936994182,0.18521444979878637,-0.3699534105332954,-0.21016870944397573,0.23923672203476443,-0.38622896239959953,-0.8730458505615596,-0.41118031484259254,1.2624197019062187,0.002554376787051224,2.897319441481035,-0.3084024321184889,-0.6990907845281376,2.213785495359525
1992-12-31,0.051839038785705935,5.073466621116446,0.0041998741450971705,-0.46780574737894975,-0.3916583052491783,-0.2883057754082454,-0.22608009841947344,-0.9324068707796557,-0.3269108351958225,1.2405180438326535,-0.8781947393886496,1.3879294682546097,0.13960226556998628,-0.9442681052695394,0.15004273516905134
1993-01-31,0.26038870356519506,-4.923191603849749,-0.17681470150859202,0.4651695321570515,-0.5067447422180285,0.4964519461774488,0.35732899807932056,-0.9526435822176431,-0.25668626882351436,1.2952721890165662,0.6080693941578484,-0.3850047860113521,-0.1747591829256536,-1.1516203499364754,0.7535749357567649
1993-02-28,0.35487584771760733,0.4897874688029017,-0.35782927716227964,0.3541363397201902,-0.06445972304865942,-0.029779458327786675,0.10209025091684497,-0.8528091391235723,-0.13028204935335896,1.2076655567223054,0.11264801630901414,-0.6245904960472927,0.0035060777062004673,-1.0974563253453022,-0.016430545847518605
1993-03-31,-0.19719113929298906,-0.7706812359228211,-0.1768147015085904,0.06769073482403021,0.3084579405407009,-0.2919742175577873,-0.06301412541199247,-0.9378033271631191,-0.15837187590228233,1.1638622405751748,0.27778847559195974,-0.14541907597540807,-1.4133006827824668,-0.9993063303207118,-0.6145204859310949
1993-04-30,0.15410965737168394,0.9760687293046205,0.18521444979878476,-0.24080120198555213,0.25230961398617074,0.48732564088755986,0.026325149937882784,-0.9526435822176431,-0.2426413555490524,1.3281246761269143,-0.5479138208227609,-0.049584791961037294,1.9173823562511105,-0.8680867971292586,-1.2943331739404251
1993-05-31,-0.48085795066783954,-0.20205606555878577,0.0041998741450971705,-0.009033563180539442,-0.19814790362917933,0.22388244653193132,-0.25809501964278436,-0.8109866021517317,-0.27073118209797575,0.999599805023436,0.27778847559195974,-1.2475133421407367,0.0238034885688523,0.5490890974411413,-0.20385471644336084
1993-06-30,0.10678519912088849,-0.6109184738173693,-0.1768147015085904,-0.1379108727120225,0.04186290936035918,-0.5546989616707421,-0.6257655891548619,-1.1091408173380783,-0.18646170245120566,0.8353373694716972,0.27778847559195974,0.309793773092877,0.20472625918501414,-0.5477912423955997,0.3108765004793995
1993-07-31,0.14960931009103273,0.1073486584631135,-0.1768147015085904,0.2615516947214491,0.3548749960135635,-0.29630927963374937,-0.4820076011660409,-1.0457324548323848,-0.3409557484702844,0.7586815662142189,0.16769483606999683,-1.055844774111985,-0.25870332434983895,-0.8678916388088866,0.8549485974561843
1993-08-31,-0.22952338331526126,-0.03183095587946969,-0.17681470150859202,-0.2970141442927316,-0.1944735843281935,-0.03899163230301929,0.1390715169312981,-1.029543085681995,-0.5375845343127477,0.6163207887360452,-0.10753926273491168,0.0941666340605291,0.4638158425340521,-0.6456987492786309,-0.2507307517772438
1993-09-30,0.40223304924451087,-0.6280501630847234,-0.1768147015085904,0.10457504159043667,0.17870762434708176,-0.2980943638464712,0.22954226960278848,-0.8757440787532912,-0.41118031484259254,0.5506158145153496,0.3878821151139226,0.166042347071314,0.41929785524463736,-0.4944851499207879,-0.3200997059288224
1993-10-31,0.5978634116074711,-0.7860109822710496,0.18521444979878476,0.08698438658056187,-0.1219156697701045,0.7287142309250874,-0.9661643374703697,-1.082158535420762,-0.4673599679404392,0.4739600112578714,-0.4928670010617782,1.1723023292222619,0.4613858983349221,-0.6030943374161565,0.5342436577386224
1993-11-30,0.3310182473394125,0.13665234045730631,-0.35782927716227964,-0.17111056617133472,-0.05737963727103644,0.21107367769198165,-0.980951225133891,-0.771862293371623,-0.5375845343127477,0.6601241048831757,0.22274165583097705,-0.33708764400416324,-0.14420906402542807,-0.12414560631540941,0.6352467175823807
1993-12-31,0.46190735643309333,4.8163422523308155,-0.1768147015085904,-0.8252305826437584,-0.232413345066479,-0.04694204729843407,-0.7839373652919827,-1.0551762535034455,-0.4954497944893626,0.6272716177728279,-0.27267972201785484,1.6993908913013318,1.384031530449397,-0.609718778858821,0.37853640791370213
1994-01-31,0.1671643390570377,-3.5089556297261657,0.18521444979878476,1.870710626786092,0.16089810446284702,-0.8136265198665285,0.6670006776718731,-1.194135005377625,-0.6218540139595173,0.6272716177728279,0.5530225743968658,1.483763752268984,-2.381184403053033,-0.8247210219492228,0.19689591653521574
1994-02-28,-0.05557043433929268,-0.09929935958653406,0.0041998741450971705,-1.191896779735143,0.13305829223023413,0.2061774931753852,-0.5001918397126053,-0.6221106287305168,-0.7342133201552108,0.5177633274050019,1.158537591767663,-0.24125335998978567,0.640294909816181,-0.8032445531548347,-0.5394656031014761
1994-03-31,0.8745856757378655,0.15409666164211866,-0.1768147015085904,-0.07854008519344019,-0.3174565902276446,0.20340062380893656,0.16356096093029748,0.13069503676261168,-0.9870217590955207,0.6053699596992627,0.5530225743968658,-0.3850047860113521,2.0072081593515327,-0.6100995611357356,-0.32011148596523775
1994-04-30,0.4610194299345624,1.1039072681982274,-0.1768147015085904,0.3729237158951129,0.2242523282427946,-0.5598018497246705,1.2819527004218358,-0.7705131792757572,-1.1415158051145993,0.35350089185326294,1.268631231289626,0.28583520208928087,-0.8320140551032136,-0.7818643487724178,-0.01396541721919022
1994-05-31,0.33407986611065993,0.12102944288323719,-0.5388438528159688,0.07085768239502004,-0.15113393115942197,-0.053185834236310986,0.7346141381385118,-0.870347622369828,-1.0993810652912142,0.1673367982279586,2.5347080857921958,0.0702080630569364,0.5247487077091982,-0.33762354487186763,-0.46767106435791594
1994-06-30,0.541939981134999,-0.4366214062341672,0.0041998741450971705,-0.10574675204526894,-0.1459614919731843,0.19789200693506165,0.5267224970714872,-0.6086194877718585,-1.0853361520167524,0.156385969191176,1.378724870811589,-0.36104621500775597,-1.0157287245060371,-1.4513054331078066,-0.49683131477856995
1994-07-31,0.01703380218869226,0.07051029215962283,0.0041998741450971705,-0.14135204281015795,-0.22942315724055046,0.44693150330927217,0.43107233920919225,-1.126679300584334,-1.1274708918401375,0.13448431111761078,0.11264801630901414,-0.5047976410293223,0.2726989863779812,-0.3801573789781222,-1.2415909840367063
1994-08-31,0.5374101100901285,-0.09707479417671377,-0.1768147015085904,0.15498461747660053,0.0897359945665466,0.6934487773361206,-1.3955886743335546,-1.0133537165316049,-1.0432014121933675,0.014025191713002346,1.2135844115286432,0.6691723381467879,0.10080623081666724,-0.9800074887505588,0.18087708339268307
1994-09-30,0.19311045073627908,0.36927493516609333,-0.1768147015085904,-0.25939800996883766,-0.17789000558105017,-0.0623631333496178,0.38656672902373673,-0.7017083603866003,-1.1134259785656757,-0.00787646636056287,1.4888185103335543,-0.02562622095744119,0.2132599118593686,-0.8247900484655607,-0.7461423983844011
1994-10-31,0.6668222362135281,0.8035722605613697,-0.17681470150859202,0.108151777339231,-0.2533235450851354,-0.5635408140121922,-0.12620488745112698,-0.6639331657023572,-1.2538751113102926,-0.04072895347091069,0.2227416558309746,0.309793773092877,-0.20624775644696766,-0.9425911378734136,-0.567836886174704
1994-11-30,0.5501236313499195,-0.3302466188655049,-0.35782927716227964,-0.026756657705911038,-0.01946538795963545,0.18504516532017845,-0.07388406861259432,-0.4764063063770081,-1.394324244054909,-0.5444670891629102,2.9750826438800497,-0.24125335998978908,0.5300312753232269,-0.6909404811309215,0.4011482354872133
1994-12-31,0.8761933029548947,0.2872268559425721,-0.1768147015085904,-0.16417009486138726,-0.121003637610339,-0.0663712101169687,-0.1766347361447091,-0.8474126827401091,-1.394324244054909,-0.9386969344870837,0.9383503127237371,0.8608409061755397,-0.47903553964137086,-0.8890235747300236,1.0383890412686838
1995-01-31,0.05310682154786998,0.10957100380080957,0.18521444979878476,0.0929691743011756,0.1384257262500827,0.18039399428346367,0.3567218730252598,-1.0147028306274708,-1.352189504231524,-0.7306311827882143,0.49797575463588556,0.621255196139599,-0.4251200240037811,-0.5253041229822112,-11.42902869615629
1995-02-28,-0.22196120957404378,0.017629102343522628,-0.357829277162278,0.2082755423077716,0.00870865841983261,0.1777555823848461,0.0001388965708509885,-1.0430342266406532,-1.0712912387422908,-0.632073721457171,2.204427167226307,-0.5766733540401039,-0.8508163129046071,-0.9798465186161184,-0.3197102032302808
1995-03-31,0.049195015666360135,0.04562518654017602,0.0041998741450971705,-0.05952605022287251,-0.007398286591706282,-0.07181299352010946,0.31664128688661647,-0.8244777431103901,-1.1274708918401375,-0.6649262085675187,0.38788211511392506,-1.1277204871227664,-0.664149554578343,-0.7820449926634048,-0.5837604113831892
1995-04-30,-0.280202043682657,-0.03892908118275232,0.7282581767598492,0.5317543153431171,0.04088445303439922,0.6655951669917105,0.5544638564040479,-1.0430342266406532,-1.0993810652912142,-0.5882704053100406,0.4429289348749004,0.5493794831288176,0.18633106823037293,-0.41370146061400825,-1.6668442832656931
1995-05-31,0.36406477672901266,-0.2605645434149698,-0.35782927716227964,0.14175034915160942,0.14425661921888355,-0.07620675863226274,-0.7477137845049214,-0.8946316760954128,-0.8887073661742892,-0.6539753795307363,-0.1625860824958919,-0.6245904960472927,0.4689036853767473,0.4823962144700915,0.21848816648896097
1995-06-30,0.20947343749444888,0.3403743311522602,0.0041998741450971705,-0.23538705393499323,0.11498220954856458,-0.0776598034374328,-0.8181725993803536,-1.0929514481876885,-0.7763480599785958,-0.6430245504939536,0.002554376787053668,0.7170894801539767,-0.3214811339968397,0.4572292434751203,0.1354135367393023
1995-07-31,-0.5195834197010448,0.1729765090993785,0.18521444979878637,-0.10257128064669213,-0.06214176297631983,-0.3237864657373062,0.11142723640790288,-0.8082883739600001,-0.8044378865275192,-0.47876211494221466,-0.7681010998666892,0.42958662811084725,1.6834560317994665,0.1241232487588361,0.0832630828408519
1995-08-31,1.168146548750287,-0.009413904228503609,0.0041998741450971705,0.13165580110725322,0.10280406777117466,-0.08006886134392734,0.12580775450100015,-1.074063850845567,-0.7903929732530576,-0.632073721457171,-0.5479138208227584,0.45354519911443997,-0.3962309270796958,0.28037146362015675,1.7262202327304041
1995-09-30,0.27911729556085924,0.3577904725611417,-0.17681470150859202,-0.055251801510097114,0.0007763558118129933,-0.3253872506842465,-0.21102603544657614,-0.9094719311499367,-0.8184827998019809,-0.7306311827882143,0.3878821151139202,-1.7266847622126178,-0.42779463388049815,-0.16625546387135437,-0.0076462929224592234
1995-10-31,-0.2832530859942685,0.14405021046337263,-0.1768147015085904,0.3398931493428337,0.25555882160850685,0.1609415157445015,0.05044584787912039,-0.7624184947005622,-0.8325277130764426,-0.6430245504939536,-0.1625860824958919,0.3337523440964697,0.0035060777062004673,-0.26166718627032054,0.07422493956263566
1995-11-30,0.14366790138208627,0.3054768223369846,0.18521444979878476,0.03612597991815802,0.14853925430557527,-0.32729443586945317,0.30098935365731044,-1.065969166270372,-0.6780336670573641,-0.6649262085675187,0.27778847559195974,-0.45688049902213357,0.7555906028938011,-0.5107940092513883,0.7729911661858259
1995-12-31,0.2246377337986777,-0.11283967932155381,0.0041998741450971705,-0.29350217841800946,-0.5913051609088092,-0.32792685748362804,0.6267062390882545,-0.9391524412589849,-0.6920785803318258,-0.6649262085675187,-1.0433351986715953,0.6931309091503806,-0.18263773924932064,-0.3519288227225,0.2986787149612117
1996-01-31,-0.6702984920693397,-0.12446860721649414,0.0041998741450971705,0.4228469284358889,0.3147668358071393,1.1228806709336405,-0.9408238334984345,-0.9378033271631191,-0.6639887537829025,-0.36925382457438854,-0.1625860824958919,-0.3850047860113521,0.32096880443501297,0.0975140451874201,0.8845512410212546
1996-02-29,1.30035514510057,0.8830792318974884,-0.1768147015085904,-0.31739702011373855,0.07403500353403031,-0.09001701796735914,0.9240626326167181,-0.3293528699276336,-0.7201684068807491,-0.34735216650082346,-1.8139906753253332,-0.16937764697900418,0.21084884181741015,-0.13643767551455374,-0.485408688638784
1996-03-31,-0.23132924615409062,0.12715448454695735,0.0041998741450971705,0.4162546446262131,0.08119145380253466,0.38928269295590195,0.8441254442737168,-0.08111587628832238,-0.7201684068807491,-0.5006637730157797,0.5530225743968658,1.2681366132366394,-0.5839548957134131,0.42866264353794725,0.20593124694734208
1996-04-30,0.8504087902540103,-0.02585956701727065,0.18521444979878476,-0.7469968276951375,-0.2500044023302046,0.6247693056372705,-0.2389171738443942,-0.49259567552739786,-0.9589319325465974,-0.413057140721519,-0.437820181300798,-0.21729478898619298,0.8034298355746486,-0.300324805820548,0.17933876938908144
1996-05-31,0.6116625108546055,0.41040567713788684,0.0041998741450971705,0.006816287333221276,-0.06983119136378632,-0.09650056310608594,-0.5791675323245002,-0.4602169372266181,-1.1415158051145993,-0.46781128590543203,0.16769483606999927,-0.7683419220688557,-0.09803525763625896,-0.24656907722029855,0.46470669440863266
1996-06-30,0.6260316742002598,0.7172105294808209,-0.5388438528159673,-0.0909424669239941,-0.1300329538412267,-0.09787480723793589,0.5239826070064927,-0.7826552061385496,-1.0993810652912142,-0.4240079697583016,0.2227416558309746,0.7410480511575693,-0.3147581355113845,-0.19834847277845244,-0.003189802157422473
1996-07-31,-0.09727808937886122,-0.41547625072409683,0.36622902545247393,-0.16004931025925168,-0.33598255711499025,-0.09924379445396224,-0.2348780372600069,-0.00286725872810447,-1.1134259785656757,-0.46781128590543203,0.7732098534407965,0.5733380541324102,0.04698083026842154,-0.11567492513842083,-0.30511793567411155
1996-08-31,0.3841248105287617,0.299514853386677,-0.7198584284696564,0.04059394671657847,0.1845459538197048,-0.3381293356722892,0.7872659182147322,-0.3334002122152307,-1.1415158051145993,-0.4240079697583016,-0.9332415591496347,0.1660423470713106,0.7208046596732247,-0.501946997470977,-0.061835769578623426
1996-09-30,0.49441525001322134,0.2464324039335749,0.18521444979878637,0.317831079046893,-0.14635206633446743,0.37247478728649724,0.7886182214296722,-0.34149489679042594,-1.1134259785656757,-0.4240079697583016,0.49797575463588556,-0.12146050497181539,-0.6877784794259975,-0.3782353806296501,0.3195120097441005
1996-10-31,-0.08343846589592022,-0.16217404150302944,0.0041998741450971705,0.07012576471206554,-0.015899747279737836,0.36872010766888297,-0.406483865178315,-0.1849976616699906,-1.057246325467829,-0.44590962783186683,-0.2726797220178524,0.45354519911443997,-0.7365047152994527,0.11591037212585095,0.292398288055733
1996-11-30,0.7768654451987032,0.2157272604190694,0.36622902545247393,-0.31722455956749246,-0.053170966352703394,0.36498912441569187,0.16398145916656515,-0.31586172896897513,-0.9027522794487509,-0.5882704053100406,0.4429289348749004,0.6691723381467879,0.8642202273998846,0.25363863773248313,-0.2821043287355882
1996-12-31,0.5087087105814468,0.3099917027926105,0.0041998741450971705,0.40898986781689517,0.15687616408289448,0.12659546874218533,0.8344471775082238,0.1941033992683056,-1.057246325467829,-0.5006637730157797,-0.052492442973926565,-0.528756212032915,-1.0607596497780434,0.3058512676005844,0.6383687955456622
1997-01-31,0.04176411974553403,0.2903395994220363,-0.17681470150859202,-0.2634577528954141,-0.015751223819264266,-0.11001000834909436,-0.6946294651653554,-0.0015181446322389167,-1.1134259785656757,-0.4568604568686494,-0.1625860824958919,0.14208377606771788,-0.13716195721503016,-0.06587594304347141,0.9388134792425508
1997-02-28,1.04160909224032,0.3504434613869047,-0.1768147015085904,-0.2945007070236382,-0.31951284786072953,-0.11133301103156028,-1.693660751576595,0.21838745299389037,-1.1274708918401375,-0.5882704053100406,-0.2726797220178524,0.5733380541324102,1.1826706533244127,-0.27764757959170905,0.5502268888219745
1997-03-31,0.5028200623773842,0.3585207768931223,0.0041998741450971705,0.05818777427636254,-0.3520062184980376,-0.5798218250711923,0.0030083297120939586,0.3586953189639357,-1.2538751113102926,-0.5882704053100406,1.1585375917676581,0.0941666340605291,-0.24831267852750413,-0.12464324439078502,0.4356921507916835
1997-04-30,0.0016732912899922734,-0.05888480948407435,-0.17681470150859202,0.20766677050921445,-0.012826014617715471,-0.5799680901384431,-0.09196098132190074,0.07807958702384454,-1.1134259785656757,-0.632073721457171,0.7181630336798114,0.3577109151000658,0.3068113406156515,-0.0840944601563118,0.5308809119556672
1997-05-31,0.424873828428447,0.4564784763037461,-0.357829277162278,-0.2626359267718993,-0.08331646694874682,-0.8136265198665285,0.35346972501411084,-0.0392933393164816,-1.0993810652912142,-0.6101720633836057,0.002554376787053668,0.45354519911443997,-0.4320240711449138,-0.2598618436658848,-0.9895870492822181
1997-06-30,0.3335879706625106,0.25938673348057084,0.18521444979878476,0.024046531319207393,0.14076063027700628,-0.11352699391392003,-0.5777986220605282,0.2763993591161207,-1.1134259785656757,-0.632073721457171,0.3878821151139202,0.3337523440964697,0.4561523944900369,-0.04178489448631841,0.12514940480801284
1997-07-31,0.7147547099075214,0.4101779679998174,-0.1768147015085904,-0.27551329405261915,-0.3457452826322277,-0.3476214840705126,0.15748842244195993,0.26965378863679146,-1.057246325467829,-0.7963361570089099,-0.1625860824958919,0.6452137671431918,-0.49352103205157066,0.007087236183547049,1.1315194699950764
1997-08-31,0.8556324175998342,0.5981480021502442,-0.17681470150859202,0.4585633228208826,0.11688640800135705,0.11664292178068897,-0.2769513424365011,0.7121632120807811,-1.197695458212446,-0.6977786956778665,0.16769483606999927,-0.6245904960472892,-0.4213857220167994,0.7403303897423243,0.3601947214165186
1997-09-30,0.7742200116156776,0.18949390317458892,0.18521444979878637,-0.24929337387907227,-0.22553658711889146,0.11433169097340798,0.6739526992717279,0.46257710434560395,-1.057246325467829,-0.7525328408617794,0.0576011965480339,0.4056280571072512,1.3625829603872939,-0.10728081789037491,0.33232171524287046
1997-10-31,0.7460517824973801,0.5477084743126588,-0.35782927716227964,-0.18882108694214655,-0.018169815954724756,-0.11916771229182721,-0.034377149499907146,2.1057980731101753,-0.972976845821059,-0.8729919602663881,-0.1625860824958919,-0.07354336296462999,-0.2132033921756697,0.053488742172249235,0.5747665204891665
1997-11-30,0.6504261766029433,0.7965800599053914,-0.17681470150859202,0.21990097989122107,0.06854266886833467,-0.3513702879183728,-0.9649106965787265,1.0723766756769553,-1.0853361520167524,-0.9934510796709967,0.16769483606999439,0.4056280571072546,-0.08083229748811992,0.20263350353957624,0.9833587962424004
1997-12-31,0.3009214375254433,0.566149018627202,0.18521444979878637,-0.26084538832193926,0.22509307933451023,-0.5827127642954062,-0.7963910790498661,0.6109796548908445,-1.0712912387422908,-1.0044019087077793,-0.052492442973926565,-1.1995962001335514,0.4687877706946364,-0.0067300302974540776,2.0230793825698057
1998-01-31,0.3130103197167524,1.0285842125711986,-0.17681470150859202,0.2219702809893865,-0.40851823510636553,-0.35222684693582773,-0.2638870546044893,0.26830467454092544,-0.8606175396253659,-0.8729919602663881,0.3878821151139202,1.1004266162114804,-0.3354758971166795,0.22891546873835844,1.230596992066773
1998-02-28,0.04503271247256806,0.7295472737799873,0.0041998741450971705,0.0418766510495846,0.04630358323995173,-0.8136265198665285,-1.0661944659697529,-0.12563664145189427,-0.8746624528998276,-1.0263035667813445,-0.21763290225687215,0.9327166191863245,0.48851498424952516,0.6522850631956524,-0.6232598030674968
1998-03-31,-0.0780428369948204,0.6007202276678256,0.18521444979878637,-0.08125423187110423,0.032335993596302695,-0.8136265198665285,0.17081062350332404,0.6393110509040264,-0.8746624528998276,-1.0263035667813445,-0.052492442973926565,-0.9120933480904221,-0.13436431530695503,0.30951336463811274,-0.38478755557261807
1998-04-30,0.22080310394353198,0.33032149067713423,-0.7198584284696564,-0.01096709543675118,-0.2894821807453332,-0.3527961248996331,-0.1376092438850646,0.2291803657608167,-0.8887073661742892,-1.0044019087077793,-0.1625860824958919,0.5493794831288176,-0.21856895007116334,0.32493988758252906,-0.06232272372247076
1998-05-31,0.5265069422480386,0.4639334300084791,0.18521444979878637,0.19936239641799183,-0.023780435105201964,0.10633204310138517,-0.23985401626771813,0.2480679631029383,-0.9308421059976743,-1.0701068829284748,0.27778847559195974,-0.5047976410293223,-0.02972467561816111,0.24146734989735152,0.7547202472441407
1998-06-30,-0.6971883266100779,0.5526358667573465,0.18521444979878476,0.8656500024961402,1.093991178609046,-0.3544955613272258,-0.6150091894472045,0.030860593668541072,-0.8746624528998276,-1.1577135152227358,0.4429289348749004,-0.19333621798260028,0.8483890708944712,0.034557471299512435,0.7470446849418916
1998-07-31,-0.48682811323176184,0.08536609056959861,0.0041998741450971705,-0.6327688823015594,-0.01668492515621394,0.10294568915742922,-0.040921262017557775,0.7175596684642443,-0.8184827998019809,-1.0920085410020401,-0.052492442973926565,-0.07354336296462659,0.43978769128899037,0.030420301603940058,0.24200272977124487
1998-08-31,1.880075856987502,0.3095908394325047,0.0041998741450971705,-0.42281902352297224,-0.8936555944692715,-0.3561825095458755,-0.7060832954354769,3.3456339272108653,-0.3269108351958225,-0.9496477635238663,0.11264801630901414,-0.16937764697900418,-0.6447526688008735,0.2559545576377267,1.1757132296215735
1998-09-30,-0.16398084743887298,0.17469232357590284,0.18521444979878476,-0.28673683893370905,-0.15542151568452578,-0.5851144370340965,1.8807695101168829,2.8963789332875467,0.3893797418017222,-0.9496477635238663,-0.1625860824958919,-0.8162590640760444,-0.252366652221416,0.8670929913652528,-1.134869862767402
1998-10-31,0.5501602009544874,0.008744338903803885,-0.1768147015085904,0.2645147966778412,0.07091334153329834,0.09902631722028613,-1.0960225213485848,1.1560217496206364,0.5017390479974156,-0.5335162601261275,-2.364458872935145,-0.8162590640760444,1.0349241014819712,0.9035003388296248,-1.447302930191531
1998-11-30,-0.18596308933421918,0.3644292898315744,-0.1768147015085904,0.04267090425553166,0.3477836780938152,-0.3581350149530826,-2.3499516927249755,0.8808024740640089,0.22084078250818268,-0.8839427893031707,-1.263522477715521,1.2920951842402322,-0.41297343580830786,0.8228554908301369,0.31838126304782055
1998-12-31,0.3272405209251218,0.016739963667051744,0.0041998741450971705,0.45296284431919115,0.14055391721825716,-0.13142909233311267,0.6105625959307047,0.6662933328213432,0.4034246550761842,-0.9825002506342141,-0.7681010998666892,-0.5047976410293223,0.9811511934900417,0.3948006678206844,-0.3873232465264949
1999-01-31,0.3069300200839177,0.14024595634793913,-0.17681470150859202,-0.5294057335715918,-0.026858487048929777,-0.1326728440304456,0.49681956905259494,0.9131812123647883,0.36128991525279885,-1.015352737744562,-0.21763290225687215,0.836882335171947,-0.3141360249651553,0.3187976737423726,0.37968473671702924
1999-02-28,0.4772501375096711,0.3431199973251773,0.18521444979878637,-0.066313738110889,-0.1774510419504509,-0.8136265198665285,-0.404236147093095,1.1330868099909173,-0.07410239625551225,-0.927746105450301,0.7732098534407916,1.0285509032006954,-0.5797566599726659,0.11770026041384771,0.8278290279382414
1999-03-31,0.10808851801819071,-0.18954655402817902,-0.35782927716227964,-0.04867184581868683,-0.12477498362874839,-0.5869175673890098,2.894365503310495,0.5097960977009078,0.02421199666571919,-0.8182378150824751,0.33283529535294,-0.5527147830365078,0.3059395449027279,-0.5596856053448365,0.10763494973985802
1999-04-30,0.11099875892391087,-0.5100706973161069,0.18521444979878476,-0.12485929371601559,0.013984838647345725,1.6711318821105556,1.086939323438656,0.7539857490526214,-0.1021922228044356,-0.7963361570089099,-0.3277265417788326,-0.24125335998978908,-1.2270016301289217,0.36243535029467094,-0.3413827017682824
1999-05-31,0.5005418252094146,0.033883787547143294,-0.1768147015085904,0.23066569174237367,-0.004618608413410706,-0.5885569211672789,-1.0190765127655315,0.7971574001203278,-0.15837187590228233,-0.8620411312296056,0.0576011965480339,0.5493794831288176,0.47200268836993925,0.18417296718095724,0.2711503038372197
1999-06-30,-0.18851528834438153,0.22118935399875891,0.18521444979878476,-0.2170331170759311,-0.06066767457381116,-0.8136265198665285,1.3020498870187713,0.21703833889802435,-0.15837187590228233,-0.7963361570089099,0.16769483606999439,0.14208377606771788,-0.4157209958758319,0.06263509924983737,0.012138108134285864
1999-07-31,0.44870741591002056,0.11070783133915904,0.0041998741450971705,0.17554564516990348,-0.056377167701998486,0.7580745755206908,0.5548261191803777,0.6959738429303911,-0.14432696262782094,-0.7853853279721272,1.3236780510506085,-0.28917050199697447,0.8746574612073372,0.284684994847455,-0.16966457562874618
1999-08-31,0.2773737777516332,0.3251224301541781,-0.1768147015085904,-0.1809820014691526,0.023509876297709134,0.08152786364437721,0.7156630211168115,0.6703406751089404,-0.08814730952997424,-0.8291886441192577,0.49797575463588556,-0.33708764400416324,-0.1582817736649844,-0.13568916392921648,-0.2936349161728193
1999-09-30,-0.5055217679988306,-0.32883246343280725,0.0041998741450971705,0.3043116058052261,-0.04244913842257241,0.7477498442158652,0.9664153977157998,0.7998556283120594,0.0101670833912572,-0.8072869860456925,0.8833034929627521,0.6691723381467879,-0.09768472036814602,-0.18739482148911718,-0.3533590667812675
1999-10-31,1.068935520679172,0.6012105534819234,-0.17681470150859202,-0.38702091990616505,-0.36082599016887723,-0.14645815955146066,-1.165651897019007,0.3667900035391305,-0.017922743157666156,-0.8510903021928229,-0.052492442973926565,-0.9360519190940148,-0.20925546561979277,0.12751147127707346,-0.206405575920748
1999-11-30,0.3579172261145917,0.7918931286278131,0.0041998741450971705,0.06482225164503726,0.0827289568184935,-0.14764776201355478,1.2529529762624052,0.6339145945205632,-0.4252252281170542,-0.9167952764135184,1.2686312312896235,0.9806337611935101,0.3174584191065402,-0.07168254152157942,0.17539198102808148
1999-12-31,0.6347969490893257,0.9137180935864466,-0.1768147015085904,-0.3918822795647047,0.024101574858575846,0.07250198056720547,0.31802660109974373,0.6959738429303911,-0.7903929732530576,-0.8729919602663881,-0.6029606405837435,-0.40896335701494474,0.4604278562836741,0.26332949518364834,-0.13248723234724266
2000-01-31,-0.24532391660735542,1.0256312846368316,0.0041998741450971705,0.34750888991933127,0.3010334113184762,0.29108587298698063,0.6613821645768859,0.7377963799022315,-0.8606175396253659,-1.0263035667813445,0.883303492962757,1.6035566072869543,-0.5467940759256785,0.2887612231975911,-0.02749558394404619
2000-02-29,0.1909595137431503,0.345049268459086,0.18521444979878476,-0.09123085586517293,-0.028347609438611646,0.7275020528103174,0.9464401980185353,0.5246363527554319,-0.5375845343127477,-1.2234184894434312,1.5989121498555146,-0.14541907597541148,0.76892847164094,-0.3151857661028009,0.7143533651332308
2000-03-31,0.2328617160727289,0.17251351158045566,-0.1768147015085904,-0.1537607232257832,-0.42488445791443086,1.3770131190515864,-1.2670690494134722,0.6244707958495025,0.0101670833912572,-1.6176483347676047,0.7181630336798065,-0.9839690611012034,-1.0143140037606104,0.37775338986444573,-0.07683902722399255
2000-04-30,0.464757042619783,0.38494099401183013,-0.35782927716227964,0.3808512608236931,-0.19946642685599067,-1.0321132109398292,-0.44223023702994346,0.9064356418854591,0.06634673648910391,-1.5957466766940396,0.9933971324847174,0.5254209121252249,0.17756374391553095,1.362728767114742,0.5639102981476022
2000-05-31,0.1506705625937624,-0.1527582787228281,0.36622902545247393,-0.2066416755982461,-0.19850623732501999,-0.15854949534285678,1.1492845202138664,0.5624115474396745,0.31915517542941413,-1.5409925315101265,1.433771690572569,0.3816694861036585,-0.4036749512285416,-1.3204350938131422,0.8341628946515257
2000-06-30,-0.07426416221441023,0.3761089673068232,0.0041998741450971705,0.314646532264521,0.23800457308730952,1.3617027959266652,1.0492194058433395,0.007925654038821874,0.15061621613587398,-1.4862383863262136,1.4888185103335543,-1.007927632104796,-0.12695802911186335,-0.14508432442377178,-0.2800801321404016
2000-07-31,-0.3020780601297992,0.520891846208016,0.0041998741450971705,0.044119586382625774,0.26216343083207666,0.26930548765152607,-1.6121884550818397,0.16981934554272038,-0.031967656432127525,-1.3876809249951703,0.11264801630901414,0.4775037701180327,-0.8085559576147218,-0.15549847109326928,-0.04939097037303392
2000-08-31,-0.37731969706586854,0.43901897255812306,0.18521444979878476,0.26113394886133984,0.16958652098792282,-0.8136265198665285,1.761924342220213,-0.3563351518449499,0.3051102621549521,-1.5957466766940396,-0.1625860824958919,-0.21729478898619298,0.6671858556945393,0.2489889266930809,0.36457470843357426
2000-09-30,0.3354008531522086,-0.12875895197559672,-0.35782927716227886,-0.3601734409797487,-0.19941183650094163,1.1277736868515271,-0.6896942221479728,0.14688440591300167,0.34724500197833746,-1.3000742927009092,0.16769483606999439,-0.0975019339682227,-0.2815617787997573,0.5311087549742474,0.6960667317942815
2000-10-31,-0.49075576509967356,0.11789272626249285,0.0041998741450971705,0.17497648726998075,0.24240015514838736,-0.16872911463457457,0.534099968294612,0.559713319247943,0.37533482852726086,-1.2891234636641267,0.002554376787053668,-0.21729478898619298,0.3547344312960658,-0.22837367874086872,0.9627113454512302
2000-11-30,-0.08504164605192667,-0.09462194839755071,0.0041998741450971705,0.9364609437693171,0.7844805674638682,-0.16984068784591416,0.24373302011860876,1.3718800049591675,0.48769413472295425,-1.2453201475169964,0.0576011965480339,0.45354519911443997,0.019992812188561943,-0.4099679335109497,0.34406785706644977
2000-12-31,-0.42998949141743703,-0.20374969400935813,0.0041998741450971705,-0.04006285542208644,0.36686934446592556,0.043032084430841236,-2.230701840702214,0.9941280581167379,0.8247720533100339,-1.0920085410020401,-0.5479138208227584,-2.181897611280903,-0.15398351367155025,0.8621073633318451,-0.8840774976825813
2001-01-31,-0.5760682086541974,0.32314229534471733,0.5472436011061624,0.14628007508727014,0.2670764594127231,1.3194631598498867,0.641061449200567,0.3425059498135457,0.4596043081740309,-0.47876211494221466,-2.2543652334131847,-0.8641762060832332,0.558414983147143,1.0641672832314137,0.2812984883308049
2001-02-28,-0.7475609662080442,0.012705081549353828,0.0041998741450971705,0.3624155021645673,0.27677748145760267,0.036209996347760585,-0.45794304628520044,1.196495172496611,0.8247720533100339,-0.5444670891629102,-2.639692971740056,-0.9600104900976107,0.20160644047801274,0.5989602318544545,0.4130126433958677
2001-03-31,-0.311769266646674,0.13539759248046596,0.18521444979878476,0.035444356090128734,0.4582087208333452,-0.601469179462297,-0.37220847622894065,1.2356194812767198,1.0494906657014207,-0.2816471922801278,-0.9332415591496347,0.23791806008209548,-0.27470249387430634,1.2915805952734827,1.0581322055918818
2001-04-30,-0.4618798852303332,-0.7959109367223978,0.18521444979878637,0.258021396596165,0.41649165786342046,-0.17787660000843822,0.7208420355289259,0.8092994269831202,0.6140983541931091,0.04687767882335017,-2.749786611262017,-0.7204247800616669,0.46904434493266056,1.503564710259372,-0.24492894759264783
2001-05-31,-0.5776700140195407,-0.6893082515151607,-0.17681470150859202,-0.00684467883895514,0.7190000746778484,1.0871561459866759,-0.0511809366905342,0.4261510237572268,0.5017390479974156,0.22209094341187163,-3.190161169349868,0.8847994771791323,-0.34205743526138427,-0.9152157001692781,0.33307642251410363
2001-06-30,-0.6269527044788847,-0.44195116302871834,0.36622902545247393,-0.1457207813566941,0.11901726618948638,0.02807071011536514,-0.7317313805539932,-0.056831822562737624,0.5017390479974156,0.1782876272647412,-1.2635224777155185,0.1660423470713106,0.24794040103468892,0.7058029352445099,0.09519471572768598
2001-07-31,-0.7368700493894661,-0.2793852880686525,0.18521444979878476,-0.07819078706763063,0.333517861449304,-1.4447215521407926,0.0991163657629309,0.28854138597891305,0.6843229205654171,0.2987467466693499,-1.0433351986715953,-0.025626220957437787,0.2663256241875421,0.2279151708260203,0.04902380427823334
2001-08-31,-0.22388160055217043,-0.35501547196555666,0.5472436011061632,0.10586524244778549,0.35552386206400344,-0.8136265198665285,-0.03874708952418353,0.7337490376146343,0.8528618798589572,0.22209094341187163,-0.6029606405837435,-0.19333621798260028,-0.8099000572233259,0.360619824669761,-0.9450287731713776
2001-09-30,-0.6059165807340877,-0.4333778387079614,0.18521444979878476,1.4978172033622241,0.6962190183707239,0.6572732231316893,-1.257091165084326,1.679478018816575,1.5831973701309638,0.8024848823613494,-3.1351143495888882,-2.3016904662988766,-0.03732878431502617,3.0734741598671143,0.3304188812850787
2001-10-31,-0.37912670572447227,-1.0133720996211784,0.5472436011061615,-0.37001625392141735,0.6324713986472944,-1.863677781449977,-0.9882960360974326,1.8993836164427043,1.5270177170331172,0.9338948308027406,-3.1351143495888856,0.23791806008209548,-0.17773408804993673,-1.2404258154484287,0.507996818857642
2001-11-30,-0.7019333175957597,-0.34930046928688807,0.36622902545247393,0.09781659206016616,-0.015159187261071964,-1.023991486136655,-0.845695852509232,0.5880447152611253,1.133760145348191,1.0215014630970012,-2.1442715938912245,0.309793773092877,0.5078283730764768,0.6737534051890787,0.23934805088519107
2001-12-31,-0.15379002637353834,-0.21238073533780552,0.36622902545247393,-0.8452242950292392,-0.33868255294634286,-1.0241100350111714,0.22370161094116842,0.5826482588776621,0.7826373134866492,1.0872064373176968,-1.428662936998463,1.1962609002258546,-0.27058985471324715,0.9807644622604339,0.14399705716922767
2002-01-31,0.5326662981787735,-0.19819504217305636,0.0041998741450971705,-0.0860640510025885,0.2482538065014598,-0.1825314875922644,-0.14211096453498817,0.21703833889802435,0.7826373134866492,0.9886489759866535,-0.4378201813007992,1.0285509032006988,1.0212135682020709,-0.14773359442649767,0.7337880485115237
2002-02-28,-0.10102328403823861,-0.22790599055056357,0.0041998741450971705,-0.2115181392941293,-0.052784276525185095,-0.1835960284953844,0.9413594288767085,0.2844940436913154,0.9652211860546507,0.8900915146556102,0.11264801630901537,-0.528756212032915,0.9530869212708253,0.15243998917982,-0.003212262410657358
2002-03-31,0.5889849551734675,-0.2679221950678193,0.0041998741450971705,1.033004378580882,0.5242880177794214,0.23406838235582628,1.7629241216759313,-0.28078476247646406,0.7264576603888024,0.7586815662142189,0.002554376787052446,1.2202194712294505,-1.3745725123402657,-0.44552485068655645,-0.33910577288491117
2002-04-30,0.36135176245701134,-0.31182048041006866,0.36622902545247393,-0.8010373772870887,-0.05849311575054445,0.856596443329687,0.37888441870664075,0.32766569475902174,0.7685924002121872,0.9448456598395233,0.16769483606999683,-0.6245904960472927,-0.391615618673729,-0.8428129884926301,-0.3058166582826343
2002-05-31,0.2776056861892549,0.10090381131655171,-0.17681470150859202,-0.14235970076437082,0.0376934675918733,-0.39723518606181585,-0.734059687410374,0.0672866742569182,0.9652211860546507,0.9338948308027406,0.0576011965480339,0.9566751901899172,1.3143574886995706,0.0403609891037785,-0.8255135519091615
2002-06-30,0.6864700115933963,0.1512953552527281,0.0041998741450971705,-0.2319325072436973,-0.3416902960603394,-0.6056048003486381,0.5039577258041366,0.7985065142161933,1.1758948851715756,1.0434031211705665,0.0576011965480339,-1.055844774111985,-0.34154747956748915,-0.004153801615241212,-0.6234695386559866
2002-07-31,-0.14352910103819078,-0.7334760034718348,0.0041998741450971705,0.06392523618272367,-0.2630453896482545,0.01730371770047981,0.06166249825568497,1.6929691597752334,1.3444338444651156,1.3938296503476095,-0.05249244297392901,-1.0079276321047996,-0.4664089709398347,0.5832898673950367,-0.03270571666477727
2002-08-31,-0.2202565076528209,-0.2911020463211918,-0.1768147015085904,0.06334248164147827,0.16099315259390043,0.22244345860160764,0.6505990376738722,1.7752651196230484,1.4427482373863472,1.0872064373176968,0.11264801630901537,-0.0975019339682227,-0.16748113574584297,0.559184182931575,0.1658364727298519
2002-09-30,-0.029716970028295053,-0.23697967623656704,0.0041998741450971705,0.2137962411773126,0.021903876444926897,-0.19336124406712127,0.5034860399962692,2.7263905572084526,2.0607244214626603,0.9886489759866535,0.11264801630901537,-0.33708764400416324,1.275958596107888,-0.053501788761902216,0.6682442986606686
2002-10-31,-0.31492170965331867,-0.0014264231346149295,0.0041998741450971705,0.006816287333221276,0.01041691070233456,0.011794783449555457,-1.1592790061712017,1.5728980052431754,2.1449939011094306,1.3609771632372618,0.0576011965480339,-1.2954304841479254,-1.1521164516220639,0.6245587531039628,-0.06858927414094527
2002-11-30,0.43092260505067775,0.03401023513559416,0.36622902545247393,-0.44448814962150096,-0.4435394273955978,-0.1957554315031053,-0.13119474116787422,1.081820474348016,1.5270177170331172,1.2405180438326535,-2.1993184136522035,0.8847994771791358,0.7927059197971205,0.8141142571387913,-0.2813556825893584
2002-12-31,-0.6544071061942558,-0.0626992118006356,0.18521444979878476,0.4581207242879434,0.17692488197288106,-0.1967758631616898,1.4217015589995063,1.2329212530849882,1.667466849777734,1.3281246761269143,-0.49286700106178066,0.621255196139599,0.2560997942793818,-0.15712663286706285,-0.6727480127496777
2003-01-31,0.7127580297254656,-0.7196814045872905,-0.35782927716227964,-0.020338271823394736,0.042893033759780715,0.8263453255907983,0.6642964498658782,1.5769453475307729,1.218029624994961,1.3938296503476095,0.0576011965480339,-1.007927632104796,0.45975841534908535,0.20674919326189523,-0.55963326557814
2003-02-28,0.003219774125357855,-0.7625814595649785,0.18521444979878637,0.19416087049830708,0.07776363080461936,1.2262637922335202,0.8710394247418431,1.369181776767436,1.288254191367269,1.2843213599797838,0.16769483606999683,-0.5766733540401039,-1.642705733744834,0.3093724946374851,-0.006397334364805429
2003-03-31,-0.36811628759754433,-0.08604983152695596,0.0041998741450971705,0.20075157649861344,0.10900715742720424,-0.20382558810262794,-1.6190369049127675,1.3044243001658764,1.0494906657014207,1.4376329664947398,0.002554376787052446,-0.5287562120329184,0.7425436960117077,-0.20270221118740853,0.154742776907048
2003-04-30,-0.693110760131869,0.2865226036854001,0.18521444979878476,0.10753758891103347,0.40053327522776255,-2.2380471589326136,-1.7252349395347781,0.23322770804841433,0.6562330940164938,1.5033379407154355,0.11264801630901537,2.03481088535165,-0.6261903817059773,0.3299246902609431,-1.1508643210179341
2003-05-31,-0.13874654182755608,0.7169836326346517,0.18521444979878476,-0.1577986750118312,0.27290783554977394,-1.4257593874018937,1.182233076744195,-0.0015181446322389167,0.7826373134866492,1.1310097534648273,0.0576011965480339,1.483763752268984,0.8169448097937287,1.0340859962881077,-1.5577673360016855
2003-06-30,0.011940150030512823,0.1571572015922918,0.36622902545247393,-0.018948963652493312,-0.09575797598193952,-0.40542649263622127,0.16969321042856433,0.005227425847090288,0.7264576603888024,1.3281246761269143,-0.1625860824958919,-0.5527147830365078,0.8231110566970542,0.30466035463837216,0.021053878294542226
2003-07-31,0.3860595912161761,-0.16872516605342425,-0.1768147015085904,-0.4086748550423764,-0.2438454290586046,0.4083036465633725,0.10942869471988662,0.0011800835594926692,0.4034246550761842,1.842813640855696,-1.0983820184325754,0.309793773092877,0.20718548288287647,0.6063792818609873,0.5433062262195806
2003-08-31,-0.32457812766320276,-0.055929795727533226,-0.17681470150859202,0.13068646913129586,-0.10492313514567728,0.8094199786921563,0.35034694875904204,-0.11484372868496792,0.23488569578264404,1.6347478891568268,0.16769483606999683,-0.36104621500775935,-0.43500447436549183,0.9346708734467827,0.8126917941998436
2003-09-30,0.5126077383340613,-0.028399803324625803,0.0041998741450971705,-0.27231172252851127,-0.13758389194898554,0.39904658352211403,-0.8335707353110191,0.43694393652415314,0.3893797418017222,1.5909445730096963,-0.05249244297392901,-0.36104621500775597,0.7218208938458913,-1.6853977809172274,-1.5172053350171344
2003-10-31,0.0074427732488765224,0.4528386431447893,-0.1768147015085904,-0.1088958880182156,-0.3361911965942321,-1.2174135729656066,-0.004203003893900816,-0.4561695949390205,0.09443656303802726,1.6128462310832616,0.0576011965480339,0.4775037701180327,0.18669512885915251,-1.144198173250402,-0.5912038556759226
2003-11-30,0.5374815245419646,0.6616878450821705,-0.35782927716227964,-0.3244492922885236,-0.32653789902256525,-0.6116784274965072,0.33188948801935453,-0.42648908482997255,0.052301823214642544,1.3938296503476095,0.002554376787052446,1.0045923321971062,0.7356358190043116,-0.6771812508264169,-0.0039041654096821357
2003-12-31,-0.08345285703088169,-0.37517384820192123,-0.1768147015085904,-0.11873059285017037,-0.2212214823879004,0.19447932219501143,0.647968476377319,-0.15801537975267427,0.06634673648910391,1.5580920858993488,-0.05249244297392901,-0.24125335998978908,-0.1569828214946459,-0.8984322412186676,-0.9839394429828661
2004-01-31,0.035615278859674304,-0.6823812699161714,0.0041998741450971705,0.4196058480940369,-0.44308532834250663,0.7937045792370585,0.17001851949268798,-0.38466654785813226,-0.14432696262782094,1.4376329664947398,0.16769483606999683,2.705650873452283,-0.9371775280016739,-0.591351048237412,-0.4620108635339537
2004-02-29,0.4725081855461,-0.2325356738161857,-0.17681470150859202,-0.42186860420600725,-0.19674076022038187,-0.012547418704409816,0.7923149476431387,-0.665282279798223,-0.11623713607889759,1.4485837955315228,0.11264801630901537,-2.2298147532880916,-0.4386562936033834,0.36800444462420845,0.3126556051762772
2004-03-31,-0.5019725918495553,0.23079408833236628,0.36622902545247393,-0.12201554193360968,-0.16343890540812067,-0.014261875019312201,-0.10920591735572423,-0.3698262928036083,-0.003877829883204166,1.3719279922740442,0.002554376787052446,0.35771091510006237,1.0145103611892063,0.25108370278754993,0.23194055855749332
2004-04-30,0.24823151009982453,0.1903786441340118,-0.35782927716227964,-0.009500422476706166,-0.15592028985207548,-0.21522374128282892,0.3907633765927018,-0.30911615848964596,-0.3409557484702844,1.3281246761269143,0.0576011965480339,-0.36104621500775597,0.03544115419343331,0.392248316832921,0.9256362253037466
2004-05-31,0.5875672379885453,0.5558854086911816,0.0041998741450971705,-0.02596202709457631,-0.1479971669160675,0.7774429265651681,0.6258552283683849,-0.53711644069097,-0.3690455750192078,1.2186163857590881,0.0576011965480339,-0.9360519190940148,-0.13760920402090426,1.451743393282224,0.405133827053413
2004-06-30,-0.873764699771678,-0.08812140660919149,0.0041998741450971705,0.18474314083777726,0.008178636591991565,0.5730210097917178,-0.768463013203119,-0.6936136758114053,-0.28477609537243775,0.999599805023436,0.22274165583097827,1.3160537552438247,-1.023517649039859,-0.7807933386525169,-0.6482226614532995
2004-07-31,0.6114968473019899,0.4096830170695546,-0.1768147015085904,-0.10574675204526894,-0.07601867628903412,-0.4183852261175263,1.6078586206939809,-0.5614004944165547,-0.27073118209797575,0.8900915146556102,1.323678051050606,0.2858352020892843,1.1652644531124043,-0.45421621546616514,0.05522421104500936
2004-08-31,-0.04699189779268886,0.08518521215883387,-0.1768147015085904,0.18268880409055577,-0.04475433401495163,-0.6161626042235938,-0.35472640848174536,-0.5654478367041523,-0.14432696262782094,0.7805832242877841,0.9933971324847174,-0.16937764697900418,0.1431491884339641,-0.055826831462720244,-0.3628978084846048
2004-09-30,0.011266354318760967,-0.043068556395384164,0.0041998741450971705,-0.008943378987336355,-0.1414925731595961,0.36896967993340646,1.521166980576012,-0.8285250853979875,-0.25668626882351436,0.5506158145153496,1.0484439522457,-0.3850047860113521,-0.7707133508177908,0.16720015604228217,-0.23666492919308904
2004-10-31,0.7137212278076532,-0.15967916554151193,0.18521444979878476,-0.3014648932469348,-0.27194803411684404,1.149084185450127,0.4014448902158548,-0.4332346553093018,-0.28477609537243775,0.5287141564417844,0.8833034929627546,-0.5766733540401039,1.0772052498361708,-0.037084216193924456,-1.004379666704124
2004-11-30,0.12892385980783075,-0.6696719153067224,-0.1768147015085904,0.05664737875953863,-0.002698991130332223,0.9440378425821413,-0.5208919910072171,-0.8420162263566456,-0.48140488121490094,0.36445172089004557,0.9933971324847174,0.28583520208928087,-1.9230171556978932,-0.07261895651777087,-1.244798974053582
2004-12-31,0.6593661153186587,4.656051493164579,0.0041998741450971705,-0.2469465067656377,0.04154030740296329,-0.8136265198665285,-1.2300958774565671,-0.8352706558773167,-0.6078091006850557,0.1673367982279586,1.3236780510506074,1.0525094742042915,1.74367864599866,-0.31676323913949883,-0.4571762095857288
2005-01-31,0.2368154785748191,-4.76916193117414,-0.17681470150859202,0.19403751285309292,-0.14355196882579913,-1.0085145951149004,1.00872076129033,-0.8986790183830101,-0.7623031467041341,-0.17213890191230186,0.7181630336798089,-0.36104621500775597,0.626312676363135,-0.6632860245398515,0.5298400947379771
2005-02-28,0.5909793439871204,-0.3237951386628832,0.18521444979878637,-0.28525700811372484,-0.10037901158634431,0.7426381805899177,0.6539237674194526,-0.998513461477081,-0.9870217590955207,-0.2597455342065626,1.268631231289626,-0.3131290730005706,0.3735455909929592,-0.6112866201388444,-0.2416278094798987
2005-03-31,-0.24369001074382152,0.2436292453219222,-0.35782927716227964,0.47998954068732536,-0.07102973404782928,0.5428060548293964,0.6202134751932465,-0.7367853268791117,-0.9167971927232126,-0.33640133746404083,0.7732098534407916,-0.33708764400416324,-2.1546861963142323,-0.5739538749044791,0.43020845636843086
2005-04-30,0.09682442933396114,0.12862009438658503,0.0041998741450971705,-0.1243027091731199,-0.33137227115737006,0.34512204470173574,-1.1483773744407344,-0.5627496085124205,-0.7482582334296725,-0.5006637730157797,0.9383503127237371,-1.1516790581263592,1.2871894890568363,-0.45589956612933086,-0.21648160391376692
2005-05-31,-0.024751569529251408,0.4001958501233859,-0.17681470150859202,0.10544534334011295,-0.07020571085903983,-1.0065018082936579,0.5273289856760107,-0.8352706558773167,-0.5516294475872093,-0.6649262085675187,1.2135844115286432,-0.16937764697900418,-0.22164895457632497,-0.3501065925667326,0.6082427495844895
2005-06-30,0.3240690362078681,0.1352392002340869,-0.1768147015085904,-0.4870468161084088,-0.027014347750981015,-0.6207512314393991,0.7861834524186417,-1.0039099178605444,-0.593764187410594,-0.7963361570089099,0.27778847559195974,2.2025208823768057,0.2719842428758376,0.0933372925369885,0.3117263646919798
2005-07-31,-0.4205680684318546,0.1388868804462265,0.0041998741450971705,0.09516774512516302,0.008650691848142482,1.493141416079476,0.6495015016766524,-1.067318280366238,-0.8746624528998276,-0.8182378150824751,1.2686312312896235,0.14208377606771788,-0.0832875817566079,0.06296410376623376,0.01037984435931681
2005-08-31,0.20411999173837586,-0.26731211932222154,-0.1768147015085904,0.04176604979820946,-0.003253583051161909,1.4789821375167276,1.1605707375599348,-0.9283595284920584,-0.7342133201552108,-0.905844447376736,1.378724870811589,-1.750643333216214,0.25604064924906494,0.08693703189449513,-0.44672022050913096
2005-09-30,-2.014296831279666,-0.6240938709563599,0.18521444979878476,0.6785993246170708,1.077609691656626,4.293862877190435,-0.36651243190968613,-1.0200992870109342,-0.6780336670573641,-0.927746105450301,0.7181630336798114,-2.9006547413887245,0.3405600905503896,0.11052991388276578,0.16452372308231347
2005-10-31,1.0607148065858498,0.7379336056015167,0.0041998741450971705,-0.5957218611227878,-0.36276558585966046,-0.2504150719968569,-1.0016196599857923,-0.5614004944165547,-0.6499438405084408,-0.9167952764135184,0.9383503127237347,-0.6245904960472927,-0.5178379200877534,0.10565021302672312,0.2687825588643154
2005-11-30,0.9744954440341813,0.6615219449358719,0.0041998741450971705,-0.18572982175154928,-0.6256444386301828,-2.694310189971041,-0.42704263772354756,-1.0012116896688126,-0.565674360861671,-1.0263035667813445,1.268631231289626,1.795225175315706,0.5010674395950703,-0.37489359395444266,0.17969604031809722
2005-12-31,0.3886416638282705,0.3132927829903106,-0.1768147015085904,-0.15585664416466408,0.2883729445904422,-0.8136265198665285,0.5865317077153166,-0.9998625755729468,-0.6639887537829025,-1.1248610281123879,0.9383503127237371,2.3941894504055607,-0.9410988808803158,-0.0884345777351212,-0.22044769101390266
2006-01-31,0.04105728546471904,0.9579641361396449,-0.35782927716227964,-0.37275125614543947,-0.36607368075782015,1.4420601814777632,0.9964988746471886,-0.8811405351367546,-0.7201684068807491,-1.1139101990756053,0.7732098534407916,-0.049584791961033894,1.676783302181572,0.3304725418023098,-1.5735332446304033
2006-02-28,-0.07124599777813807,0.6744618959439511,0.18521444979878476,0.21878896162483302,-0.2406930959347867,-0.626266100718642,-0.9890942592513382,-0.9634364949845696,-0.9027522794487509,-1.2562709765537792,1.158537591767663,-1.055844774111985,-0.8928957832179347,-0.16529249029746845,0.1724213913646764
2006-03-31,0.1067334089633192,0.3446376930478267,-0.1768147015085904,0.04450023521235181,-0.26345078645675757,-0.25210851722969,0.716403562841449,-1.0916023340918226,-0.8465726263509042,-1.0591560538916922,0.608069394157846,0.5493794831288176,-0.9345778014419116,-0.4432578055433062,0.4096502089076666
2006-04-30,0.182564499033383,-0.11625632612520707,0.0041998741450971705,0.4747160052378095,-0.3439598839758625,1.0520266485620353,0.7543077597976884,-1.0646200521745064,-0.8746624528998276,-0.8839427893031707,1.158537591767663,-0.33708764400416324,-0.9949056800117809,0.18753409712720034,-1.292024606112814
2006-05-31,-0.08751987432541705,-0.4537376005744768,-0.17681470150859202,0.15999246983699142,0.10796492661979533,0.3013085997947063,-0.07181008050270207,-0.41029971567958257,-0.8887073661742892,-1.015352737744562,0.883303492962757,-1.9662704722485618,0.8254973025845271,-0.6598619936719545,-0.20666001806273632
2006-06-30,0.1951385360784814,-0.14055051276397507,0.0041998741450971705,-0.3574147163333986,0.1661023852154016,0.11295045679343792,0.3133579443288462,-0.8636020518904989,-0.8746624528998276,-1.1139101990756053,0.33283529535294,1.4118880392582058,-0.9525008011418414,0.19443565400007473,0.250405963671039
2006-07-31,-0.1620770672205121,-0.4526886827302307,0.18521444979878637,0.04255524339728658,0.17602644727210406,1.2167876056279527,0.059750921537502444,-0.6113177159635903,-0.8606175396253659,-1.0810577119652574,1.433771690572569,-0.02562622095744119,-0.46589914515302894,0.2888592581717284,-0.140691770874086
2006-08-31,0.313530914832186,-0.4459939957353808,0.0041998741450971705,0.05999607792019666,-0.007757018558529466,0.8394506263762453,-0.5764897281594946,-0.967483837272167,-0.7903929732530576,-1.1577135152227358,0.11264801630901414,-0.6245904960472927,-0.6530410108923275,0.004628027036321874,-0.1987860787900972
2006-09-30,-0.2739054926814606,0.576981398532895,-0.35782927716227964,-0.08210245931781941,-0.07864132325730638,-2.650831344345941,-1.1031279995410177,-1.0120046024357392,-0.8044378865275192,-1.179615173296301,0.0576011965480339,0.836882335171947,0.5343867227986618,-0.1119410591566084,0.24191574141758368
2006-10-31,-0.2237879147686785,0.6165337900087643,-0.1768147015085904,0.3373722999074864,0.05475945787575685,-2.474873088314161,-0.6831386517733858,-1.1307266428719316,-0.9167971927232126,-1.2124676604066487,0.0576011965480339,1.9868937433444578,-1.8220676787855898,0.47249832430605077,-0.3931663993719668
2006-11-30,-0.15310195570360546,0.4544466762100938,0.18521444979878476,0.3505894943098952,0.28389460758238383,-0.6286782676401796,0.6524733026612257,-1.1563598106933821,-0.9167971927232126,-1.278172634627344,0.0576011965480339,-0.33708764400416324,0.6631757167675761,0.09763073381653845,-0.44894583799824145
2006-12-31,0.8737939322634404,0.40860126863467106,-0.1768147015085904,-0.12164208282368175,-0.2495821456136052,1.2147827435090628,-0.3506014685976254,-1.0686673944621037,-0.9167971927232126,-1.2234184894434312,0.002554376787053668,-0.07354336296462659,0.6307834343470383,0.28804084179101924,0.2402499382989163
2007-01-31,-0.4417045071263998,-0.44990570649916195,0.3662290254524723,-0.5570108791623445,0.2710921393823997,-0.19439365447274956,-0.45459848484572407,-1.2224664013908075,-1.0151115856444441,-1.2234184894434312,0.11264801630901414,1.2681366132366394,-2.006207258726835,0.15800656553717224,0.4980846819269852
2007-02-28,0.7995851189955795,0.27482147363314047,-0.1768147015085904,0.25305766958358683,0.12133302073171569,0.6321471965982327,0.5593365030366079,-0.5479093534578966,-0.972976845821059,-1.201516831369866,0.11264801630901414,-1.3193890551515215,0.6316577875431955,-0.4271931180832652,-0.3992081068950455
2007-03-31,0.06069798778906809,0.3268528219407572,-0.1768147015085904,-0.2574398066486036,-0.19727848735511175,1.1236018151936429,0.6070759999021513,-0.6531402529354305,-0.7623031467041341,-1.0263035667813445,0.0576011965480339,-0.672507638054478,0.13235305982285092,0.038480227486978165,-0.5088431514766567
2007-04-30,0.5392050948054791,0.14667398191445932,0.18521444979878476,-0.10251987337596241,-0.04848890017060599,0.30545173343302423,-0.044093456383681486,-0.7098030449617951,-0.8606175396253659,-1.0701068829284748,0.002554376787053668,-0.28917050199697786,-0.039298710906981164,1.0318618246122542,-0.8252510746141011
2007-05-31,-0.01928749640599812,-0.1464506109458877,-0.1768147015085904,0.1700217766961747,-0.019951665171586405,0.7268778343551302,-0.28195096959904153,-0.8676493941780962,-0.972976845821059,-1.1248610281123879,0.0576011965480339,0.309793773092877,-0.6563936187911557,-0.48828331480220255,-0.2943230898796299
2007-06-30,-0.0561425040619932,-0.3004771683208944,0.3662290254524723,0.13051084555080383,0.09064566175370867,0.05068635300560507,0.9040353476262258,-0.4386311116927649,-0.9870217590955207,-0.927746105450301,0.0576011965480339,-0.6964662090580741,0.29806901893991883,0.00591934713919795,-0.10896990379383338
2007-07-31,-0.2289194634186739,-0.2116772307648044,0.18521444979878637,-0.2069537348032044,0.15038181497720376,-0.14916004833586677,0.9819792935918377,0.544873064193419,-0.6218540139595173,-0.8620411312296056,0.11264801630901414,1.2441780422330466,-0.8541022841470252,-0.05659399956200555,-0.4081456388542931
2007-08-31,0.07483666420927708,-0.4095667467983173,-0.17681470150859202,0.42641254849013815,0.13246779832845246,-0.6985004987019235,-0.5551018621613734,0.5259854668512974,-0.3409557484702844,-0.6758770376043013,-1.263522477715521,-1.6548090492018364,-0.22500464677933407,1.0843080066411355,0.1290692828822749
2007-09-30,0.10362342423531876,-0.14979551686997516,0.18521444979878637,-0.19900995168726998,-0.19973855702710488,0.7657683057595588,0.9284367486881115,-0.19983791672451456,-0.41118031484259254,-0.4240079697583016,-0.38277336153981284,0.022290921049747607,-1.4930300807492065,-0.38744945291745947,-1.5639800197214178
2007-10-31,-0.3867920060156445,-0.4467596336133398,0.0041998741450971705,0.19577944186912313,0.2802859876399657,0.3362003366824237,1.3537667082983693,-0.12833486964362587,-0.4252252281170542,-0.5116146020525624,-0.9332415591496347,-0.5766733540401039,0.8497119389690169,-0.4664431925838187,-1.0654500437829664
2007-11-30,0.4050742688820094,-0.3343357637391145,0.0041998741450971705,0.39800364091032664,0.18823542042369418,2.1102161535995156,-0.6070138138791417,0.45718064796214075,0.24893060905710604,-0.084532269618041,-1.4286629369984618,-1.1277204871227697,-0.6923778444169847,-0.20663468575486696,0.277906705198236
2007-12-31,-0.07831801025228699,0.195409860539937,0.5472436011061615,0.1313050987567509,0.48105109342804203,0.2672251671244895,0.7470475798236101,0.4072634264151052,0.31915517542941413,-0.018827295397345477,-1.3185692974765013,-0.12146050497181539,-1.8298520999501635,-0.08908357881834285,-0.0014936440408375615
2008-01-31,-0.24098656726551412,-0.20389208117393082,0.0041998741450971705,0.09838066914179434,0.31391235409034357,0.471886862900045,-0.4602820871430608,0.9064356418854591,0.9371313595057273,0.539664985478567,-1.5938033962814098,0.7170894801539767,0.5698686832962565,-0.010200846120937142,-0.5846430868431914
2008-02-29,-0.4942836476429656,-0.13551211703896232,-0.1768147015085904,-0.1778514453104548,0.1434853440835757,0.088349071339807,0.9871417287673369,0.9523055211448971,1.302299104641731,0.9557964888763056,-5.226893500506181,-1.7985604752234028,0.225520928693636,1.2889340571370345,-0.9011317827203059
2008-03-31,-0.40880617010126263,-0.21965529130516928,0.3662290254524723,0.5005413153009366,0.2939382483333412,0.5203923982083355,-0.04343274702295096,0.8268379102293757,1.6253321099543492,0.9010423436923928,-1.9791311346082787,-0.28917050199697447,-1.1853654368489632,0.7666452746832149,-0.29673244815971334
2008-04-30,-0.7415516231467507,-1.0423474123418504,-0.1768147015085904,-0.24202825237829168,0.0697594581655586,0.049802938528295204,1.068949966868722,0.1765649160220496,1.133760145348191,0.5177633274050019,-1.7589438555643528,-1.630850478198242,0.10481259415099421,0.1850434894585955,0.11630320282101496
2008-05-31,-0.7029779975740673,-0.7830200108295899,0.7282581767598508,-0.11427091577011396,0.23757968325309958,1.3900605553945702,1.0715048365599718,-0.22277285635423374,0.993311012603574,0.43015669511074095,-1.5938033962814073,-0.648549067050887,-0.5112550745312386,-0.539146215472436,-0.21403591978655587
2008-06-30,-0.3392909661031395,-0.9340398669210818,0.3662290254524723,0.4478596482186428,0.18658829981358377,3.079663594228414,0.8888715337520257,0.6028849703156492,1.063535578975882,0.38635337896361077,0.16769483606999683,-0.79230049307245,0.927868283389288,-0.3949967471581978,0.12203536829106473
2008-07-31,-0.46030713302095505,-0.7740811310546442,0.36622902545247393,0.5706434538287771,0.48802522063486126,1.8442451655551186,-1.1738574646084847,0.4666244466332016,1.302299104641731,0.5068124983682192,0.11264801630901414,1.1723023292222636,-1.5949162884220396,0.29024057012461185,0.05060773723350052
2008-08-31,-1.6507366669910917,0.38138462934843265,0.5472436011061615,0.10799752904542305,0.6203412976802734,-1.3699908215552088,-0.7137967521268207,0.157677318679928,1.4006134975629625,0.5068124983682192,0.002554376787053668,0.45354519911443997,-1.1397576848960507,-0.4968136092568885,1.9027523374763782
2008-09-30,-4.491927505308218,-0.2793459733146102,0.0041998741450971705,0.4982091317172242,0.4622046299717917,-0.494383693239304,-1.3458374681039011,2.6859171343324784,2.397802340049741,0.922944001765958,-0.9882883789106125,1.7712666043121132,-0.36509306332778496,0.7393482853702995,1.3359716246274345
2008-10-31,0.849543726150659,0.551379480592261,0.7282581767598508,-0.027697961237489563,0.552474736922957,-4.039055046071204,-3.788975254292638,5.451601030857412,4.546674071042376,1.579993743972914,-4.566331663374404,-3.020447596406697,-0.6847258339082993,1.5680038314378804,4.054608890881641
2008-11-30,-1.4042000236552041,0.4464831556601747,0.5472436011061615,0.5452704274989175,1.5460614333757252,-7.485919036788619,-2.042097352997492,4.905209822031755,5.34723412768669,1.0105506340602186,-3.1351143495888874,-0.5287562120329168,-2.2375640512043504,0.36905139210957,0.9787818179791101
2008-12-31,-2.8932363166155564,-1.7495180451651011,0.9092727524135383,0.04854544116228751,0.5231309329188466,-3.9016017090138093,-2.076557200291824,2.768213094180293,4.953976556001765,0.5287141564417844,-1.2084756579545386,1.1723023292222636,-1.940008080320201,3.2401957676729816,-1.5855100469789793
2009-01-31,-2.5680208958282997,-2.6059104921388023,0.9092727524135383,0.9242150971686641,0.7015053839803421,0.13043004496807215,-0.6614421542288181,3.4211843165793514,4.336000371925451,1.0105506340602186,0.002554376787052446,0.2858352020892826,-1.702653562400083,1.0615098560870053,1.8152346007172928
2009-02-28,-0.7056972969804979,-2.3505122660632796,0.9092727524135399,0.20575872310256044,0.8535116328396886,0.544446117124215,0.5223702682863635,3.62490054505509,4.111281759534063,1.1091080953912622,0.4429289348749038,-1.1516790581263625,2.2020187219552008,-0.16525039192771426,1.4266611127342563
2009-03-31,-1.6463887984838241,-1.0970476638198963,0.7282581767598476,0.11618012287473177,0.8831519793528068,-1.1825617682327223,1.1083837492799964,3.3267463298687434,4.84161724980607,0.9776981469498709,-0.16258608249589176,0.2618766310856882,-1.8097346410258284,0.6529977827241928,-1.3066780763415031
2009-04-30,-0.9216256978892177,-0.37246284554765907,0.5472436011061632,-0.3813243053409425,0.613128672376984,-0.43766746903498455,0.11612022791651871,2.2960231606272554,3.9146529736916005,1.3609771632372618,-0.1075392627349103,1.8910594593300836,-0.6985725925366018,-0.7416436513899205,-1.19143886489972
2009-05-31,-1.0991366205256523,-0.3595301035359898,0.7282581767598508,-0.1105699252918929,0.532860070883537,-0.2644231204141213,2.631791651375084,1.273394675960963,2.805104825009129,1.6895020343407396,0.22274165583097813,0.8847994771791358,1.5617951647843114,0.44153515409531224,-2.620580613062338
2009-06-30,-0.4793369516092189,-1.2874427018841128,0.18521444979878476,-0.11311137193852525,-0.021470932396671003,2.273510080880518,0.4761988433696513,0.9266723533234468,1.8921854621691208,1.547141256862566,0.22274165583097813,0.5254209121252215,1.026229159022536,-0.6232502666923176,0.6034800872750564
2009-07-31,0.9793027971705042,-0.897858246676046,0.0041998741450971705,-0.058851937782082114,-0.7314097083363479,-0.9249340911429175,-0.09826753977215379,0.8686604472012165,1.1478050586226523,1.5142887697522183,-0.21763290225687307,-1.1277204871227664,0.1985818890492691,-0.7535694508323525,-1.1828981190064614
2009-08-31,0.9482221051207478,-0.5819343727292816,0.18521444979878476,-0.2146014343878761,-0.30974878601214206,0.43494159962018997,0.07756138023173778,0.8808024740640089,0.9652211860546507,1.5580920858993488,0.0576011965480339,-0.049584791961033894,-0.16974698289894613,-0.8572305287100133,0.19854813915131708
2009-09-30,0.7409865151773957,-0.3490961927899717,0.36622902545247554,-0.09228329606504164,-0.09484501427965535,-0.09312974457815051,0.0465375253328082,0.8268379102293757,0.7966822267611106,1.4814362826418703,0.002554376787052446,1.8910594593300836,-0.01831667303172158,-0.8770801102490728,-0.8104232408755467
2009-10-31,0.14948439199129523,-0.2757327239731685,0.3662290254524723,-0.3227690208077443,-0.4592327538186343,0.3059244076591659,0.839376340160801,1.5121878709292134,0.7966822267611106,1.6456987181936091,-0.1075392627349103,-0.6725076380544814,-1.1619806949984324,-0.2670438127063236,-0.33074704284250006
2009-11-30,0.3086295045192658,0.12802827776912537,-0.1768147015085904,-0.515852749172996,-0.6013042868405911,0.43499267766706234,-0.0019517018032468002,0.6784353596841356,0.9792660993291127,1.6785512053039573,0.0576011965480339,-0.7443833510652595,1.2343496039142114,-0.20747168560762516,-0.7235328022648019
2009-12-31,0.28151715255161397,0.06467808699531184,0.0041998741450971705,-0.07542622609905,-0.6600363292387265,-0.6193895948022564,0.25003265908992534,0.2966360705541078,0.34724500197833746,1.8647152989292612,0.0576011965480339,1.2441780422330433,-0.14951631953311748,-0.9514125245749316,0.8756817100804238
2010-01-31,0.9417428505136629,-0.5644552637175103,-0.1768147015085904,0.32870461080471486,-0.3934428020036077,-0.5714016616236136,-0.8488727390189894,0.6932756147386595,0.3893797418017222,1.9742235892970874,0.0025543767870525222,0.4775037701180361,0.7093728672489323,-1.6041348173420529,0.47455698078406283
2010-02-28,0.2519692731801543,-0.37050472601638057,0.0041998741450971705,-0.08325917658562183,-0.08284380082267645,-1.1692872238453436,0.8474526793119727,0.0025291976553587017,0.4596043081740309,1.9632727602603046,0.16769483606999674,-0.1693776469790076,-0.20630516292188028,0.2424906405166107,-0.0652636140231701
2010-03-31,0.5521398763588947,0.26239145428327165,0.18521444979878476,-0.3325634272904617,-0.18357181084240898,-0.6898800326464749,0.4198180773476555,-0.25515159465501325,0.24893060905710604,1.9851744183338698,0.22274165583097813,0.022290921049747607,0.6631218202627466,-0.9293887592828863,-0.43781192726843077
2010-04-30,0.21702819500035683,1.1626836998288064,0.0041998741450971705,-0.11520448262584401,0.05261719406572167,-0.7277155745577888,0.2771099216101243,0.34655329210114333,0.12252638958695063,1.8756661279660443,0.27778847559195957,-0.3131290730005672,0.9890860588803557,-0.16213519786283942,-0.03896641890709011
2010-05-31,1.1923755797034585,1.0105694226903057,-0.5388438528159688,0.11675522267661255,-0.2975509187683947,-1.007813399182379,-1.4762572749533593,1.6983656161586966,0.8388169665844959,1.6895020343407396,0.0576011965480339,0.35771091510006237,-2.0938371879805437,0.33245214725414957,1.926531203945931
2010-06-30,0.06739542452743909,-0.11012744827529743,-0.357829277162278,0.07891516596164114,-0.1509984520848512,-0.9700805262107614,0.18410554442819776,2.0315967978375546,1.1056703187992676,1.4814362826418703,-0.05249244297392901,0.5972966251360063,-1.0704577037117744,-0.4326153946433149,-0.17862706361768807
2010-07-31,0.2562375613179841,0.07667321684736832,0.0041998741450971705,0.1482584982950159,-0.03404102948712532,-0.11610645522037681,0.38606416353570905,0.5421748360016874,0.8669067931334192,1.5142887697522183,0.0576011965480339,-1.9423119012449657,0.23969057433974666,-0.5997865219192192,-1.5207796633247543
2010-08-31,0.2434127475606725,-0.030210351300750532,0.18521444979878476,-0.09892535553830585,0.10008864826724434,-0.2682013292569582,-0.9055557521495834,0.886198930447472,1.0073559258780354,1.0872064373176968,0.11264801630901537,0.2858352020892843,1.1872210089709998,0.1963843964600707,0.8023068176655034
2010-09-30,0.17394529488250934,-0.12023949567882959,0.0041998741450971705,-0.08890132476979205,-0.1732152884956346,-0.21081275078536135,0.9976379606614798,0.5691571179190037,1.063535578975882,1.2076655567223054,0.0576011965480339,-0.14541907597541148,-0.10359612065376997,-0.18575878449782088,-1.924193702976462
2010-10-31,-0.38811717020717557,-0.03432923679955732,-0.1768147015085904,-0.06607317186360405,-0.23509341146769877,0.48459468003408523,0.15837462189953136,0.2318785939525483,1.203984711720499,1.4047804793843923,0.0576011965480339,-0.0975019339682227,-1.1435047255758832,0.21461079494362417,-0.7330523225190884
2010-11-30,-0.02772039482850163,-0.012659539129423768,0.7282581767598508,-0.2561254963975335,-0.5023796069857023,0.13157390794032886,0.2900355152297457,0.5475712923851506,1.0354457524269587,1.4814362826418703,0.0576011965480339,0.9566751901899139,0.050481194775902405,-0.40827219164859685,1.1840290089771375
2010-12-31,0.834523468688582,0.7099616707707791,-0.900873004123344,-0.3643908138331542,-0.06985795508183532,0.6835719489902056,0.7767851327672889,-0.2335657691211601,0.543873787820801,1.842813640855696,0.002554376787052446,0.7170894801539767,-0.13794057843368596,-0.12141319601418694,-0.9517198388262726
2011-01-31,-0.31720839579540194,1.8495993718947978,-0.35782927716228125,0.22197028098939636,-0.5093147281393432,0.3956995418012463,-0.06189241249616231,0.006576539942956321,0.543873787820801,2.007076076407435,0.0025543767870525986,-0.049584791961033894,1.9968062837805385,-0.3012888934142584,-0.4876175146061729
2011-02-28,-0.4990551254837064,0.34517677792875123,-0.1768147015085904,-0.4751848865750689,-0.20197304784874434,0.3850638091498053,0.6054018565661349,-0.1526189233692106,0.3893797418017222,1.8866169570028266,0.002554376787052446,0.8129237641683509,-2.522255232050171,0.5049770716329877,-0.4530304234833653
2011-03-31,0.893942991585692,-0.573018897740723,0.0041998741450971705,0.20467728367174623,-0.11105980365007627,1.113727850042119,0.8413894571513832,-0.23491488321702614,0.4034246550761842,1.820911982782131,-0.052492442973928854,-2.373566179309658,1.9058648503968625,0.3684155873758141,-0.549270165052957
2011-04-30,-0.42679361299289287,-0.4241608706954046,0.18521444979878476,0.8904076704117995,0.18711924754820894,0.9355313163852379,0.6112926509465513,-0.6382999978809066,0.4034246550761842,1.8647152989292612,-0.16258608249589176,0.5733380541324102,-1.0156682693973311,0.4721349418056433,-1.4844227139335904
2011-05-31,0.004963193121231637,-0.29853793470033235,-0.1768147015085904,-0.6190765864007369,-0.2811427891477574,0.3728668971596571,-0.9746002638549054,-0.5438620111702992,0.5017390479974156,1.744256179524653,0.002554376787052446,1.1004266162114804,0.16393961536271154,0.649445879264261,0.6403154389933853
2011-06-30,0.18142080798966204,0.5296404630064413,0.18521444979878476,0.04643160974646192,-0.019958281206049058,-0.8136265198665285,-0.7410982878884872,-0.3995068029126562,0.6000534409186477,1.8866169570028266,0.0576011965480339,-0.6485490670508853,1.031484029526824,0.670077328744155,-0.11507759236431117
2011-07-31,0.3656348334008934,0.533941644958581,-0.1768147015085904,-0.194155655657248,-0.11387713825733602,0.16368532660425564,0.017645841595999752,0.7782698027782062,0.6702780072909558,1.5909445730096963,-0.052492442973928854,-1.8464776172305881,0.3149077810100099,2.419715384765487,-0.46691998343449387
2011-08-31,0.5419394103251958,-0.27680230063110284,0.0041998741450971705,0.04759820631522079,0.13420245396699818,0.36272012741828874,-0.7384753783224959,1.6376554818447349,1.3444338444651156,1.1200589244280446,0.22274165583097813,-1.8704361882341842,-0.8006239059706406,2.8478186828179424,0.633027011325995
2011-09-30,-0.1926710913883968,-0.4224770768980946,0.0041998741450971705,-0.033965631648778236,-0.039224089364782146,-0.0034262831096435907,-1.1568333074394588,3.1675508665565766,1.4146584108374238,0.7258290791038711,-0.05249244297392893,0.9087580481827284,1.3497202970219646,-0.44522839773308104,3.079839081280331
2011-10-31,0.5602167932824893,-0.2342233710380836,-0.357829277162278,-0.08952560143417,-0.07815608620496861,-0.5615195938530554,1.5792164133901887,1.4137025419310083,1.0214008391524974,0.999599805023436,0.0025543767870525222,0.3337523440964697,-0.8080185182652966,-0.20448190349012582,-1.6350394961862897
2011-11-30,-0.12064460732807185,-0.3979591373650839,-0.35782927716228125,-0.02102055001536629,-0.23375078331585367,-0.12408589120229299,0.6933696425562879,1.1222938972239909,1.3303889311906543,0.9010423436923928,0.11264801630901529,0.7170894801539767,1.9611479340067837,0.1655265248259176,1.3179938864160565
2011-12-31,0.4023082602449778,1.0797844889281834,-0.1768147015085904,-0.29424071098290666,-0.0693775334020341,-0.7248522393646036,-0.16868345220788994,0.528683695043029,1.3725236710140392,0.6929765919935232,0.0025543767870525222,1.50772232327258,-0.305708580912042,0.06951630459904352,0.5403814463425791
2012-01-31,0.4659213182498973,0.6511295385730308,-0.357829277162278,-0.05243046967621712,-0.32064508489282156,0.20248542899180508,-0.05682333720635231,-0.005565486919836056,1.3303889311906543,0.6601241048831757,0.11264801630901529,1.2441780422330433,0.5265703716841997,0.568741444551202,-1.087177262682367
2012-02-29,0.1999116994951905,0.582458114532858,0.0041998741450971705,-0.09841518870854239,-0.17997594265258948,-0.016135999280122954,0.7878014992102903,-0.14182601060228425,1.133760145348191,0.7367799081406537,0.16769483606999674,0.0941666340605291,-0.3367622880950505,0.14951819885604942,-0.47829190251779924
2012-03-31,-0.6169319292975418,0.11552589925962489,-0.17681470150859363,-0.10045299211660509,-0.3189849675612312,-0.032526395583627625,-0.39211573475410155,-0.53711644069097,1.0916254055248056,0.9776981469498709,0.22274165583097813,0.23791806008209548,-0.16089212598011307,-0.009110861734323393,0.4093569656103675
2012-04-30,0.5846512804273823,0.2702744377922985,0.0041998741450971705,0.21931704282481132,0.03566061777894789,-0.19383164085105975,0.15167052627626434,-0.3145126148731096,1.2742092780928076,0.7367799081406537,0.11264801630901537,0.0702080630569364,1.027643271961954,0.16995351070202336,-0.06289857321097066
2012-05-31,0.1120256611623467,-0.34820526409160896,0.0041998741450971705,0.1392413737179103,0.17339701687291778,-1.5868978866484746,-1.8754728282707538,0.6177252253701733,1.5551075435820405,0.3425500628164803,0.16769483606999666,0.7170894801539732,-0.7838405523492608,-0.024865330482266596,2.459226800625253
2012-06-30,-0.10685018650929336,-0.41697518573969505,0.0041998741450971705,-0.1256087990514677,-0.13931637869991714,-1.1224032317387875,-0.18690357167568655,-0.3239564135441704,1.5410626303075792,0.36445172089004557,0.0576011965480339,-1.4391819101694885,0.8585467333939881,0.46568011455890557,-1.0063467569654305
2012-07-31,0.09163158203032756,-1.221280238011758,0.0041998741450971705,0.006816287333221276,0.029337754175620123,-0.7057707230103003,0.3176712725942092,-0.07437030580899318,1.3725236710140392,0.2987467466693499,0.0576011965480339,-0.19333621798260028,-0.2867037213900109,0.1363233897015213,-0.04521599504091193
2012-08-31,-0.5291480823579058,-0.4656318350447616,-0.1768147015085904,0.0807762508020438,0.03234850056707206,1.3499708643199377,0.8558204861481844,-0.27134096380540323,1.288254191367269,0.37540254992682814,-0.1075392627349103,0.5014623411216288,0.2429790101965476,0.4662617125144746,-0.39177747132399937
2012-09-30,-0.18358430251243546,0.8316824649162673,-0.5388438528159673,-0.007896919126162858,-0.032220774166146646,0.9642177705343621,-0.4589029825612561,-0.506086816486056,1.0916254055248056,0.45205835318430615,0.11264801630901537,0.9806337611935101,1.4896028586066643,0.6287238525767819,-0.7761581041325424
2012-10-31,0.22494290647866322,0.9072198701842712,0.0041998741450971705,-0.17285953817317026,-0.2637779554340484,0.19227856237588623,-0.6634794064026371,-0.11889107097256506,0.6140983541931091,0.45205835318430615,0.16769483606999666,1.0525094742042915,0.9902058764659614,0.35985701562192407,0.18258873594219113
2012-11-30,0.24370471390966023,1.7715913710769893,-0.1768147015085904,0.3605227280087759,0.08345563098590811,-1.4413939725455986,0.23398130317834695,-0.4871992191439347,0.923086446231266,0.39730420800039334,0.0576011965480339,0.0462494920533437,-1.1961522749253266,0.409756046853143,-0.03998322210764549
2012-12-31,0.11787839795413327,3.4731290140303384,0.36622902545247393,-0.37741099625503227,-0.3823617306870266,-0.8588535991126356,0.3307809481225001,-0.19713968853278296,0.7826373134866492,0.5725174725889148,0.0576011965480339,-2.3256490373024694,2.027787148882251,1.3418268572575311,-0.018732133985228123
2013-01-31,-0.08839507700873189,-8.382651789174353,0.18521444979878476,0.06769073482403021,0.04048253613499398,-0.07452768985903713,0.5712885341837665,-0.7017083603866003,0.7405025736632639,0.813435711398132,-0.052492442973928854,0.2379180600820921,-1.2038239758169016,-0.4194744416506751,-0.17255979509125022
2013-02-28,0.3414211640572806,-0.5257012719390902,-0.5388438528159673,-0.36888827204510716,-0.3087197838398075,1.2089809960366127,-0.5917105839720666,-0.5357673265951042,0.8388169665844959,0.6929765919935232,0.11264801630901522,0.9327166191863211,1.026229159022536,-0.5019761707533285,0.8562259920583128
2013-03-31,0.2786614579760478,0.1565376155148721,-0.35782927716227964,0.5170906781609258,0.12789332506954185,-1.8653661032527655,0.5097977715310412,-0.9148683875334002,0.9371313595057273,0.6710749339199583,0.0025543767870525986,0.2618766310856882,0.6256436063602896,0.14918818399384817,-0.0029086453829187584
2013-04-30,-0.196163560154676,0.48824241439703087,0.18521444979878476,-0.6845580614016413,-0.13193674922815535,-1.5943083219020955,-0.4274110621383225,-0.8042410316724028,0.7545474869377259,0.5177633274050019,0.11264801630901522,-0.504797641029319,-2.4276647259979316,-0.3619236716266903,-0.5402129378658477
2013-05-31,-0.03632580690898098,0.3131477356020937,-0.1768147015085904,0.36328256937384984,-0.08629636279800906,-0.6589702308146318,-0.15493036063548574,-0.42918731302170415,0.6983678338398791,0.9338948308027406,-0.16258608249589168,1.962935172340865,1.3802878174647097,-0.23516487812723313,1.2677608823613555
2013-06-30,0.08929817350111821,-0.29810818202175915,0.0041998741450971705,-0.20103997729969883,-0.025824703007706118,0.07440653517121576,0.4326941347965318,-0.3536369236532183,0.7545474869377259,1.2624197019062187,-0.05249244297392893,-0.07354336296462999,-1.3122135747455803,0.15382173112677489,0.3847058976102964
2013-07-31,-0.41427629995107235,-0.5610614159943798,-0.35782927716227964,-0.09181276867367039,0.028419303446299754,-0.08322686550833673,0.8156926691419892,-0.8136848303434635,0.543873787820801,1.4047804793843923,0.0576011965480339,0.2618766310856882,0.6131224677988653,-0.158741739876559,-0.4195658940168782
2013-08-31,0.4483146238446249,-0.02101676069166579,-0.1768147015085904,-0.14450016407360525,-0.5915858650083352,0.07697104755228731,0.23973692093695664,-0.3334002122152307,0.37533482852726086,1.5142887697522183,0.0025543767870525222,-0.6964662090580741,0.5297429947987711,0.1655789485303111,0.656675201542631
2013-09-30,0.3808638528796841,0.3762506937457366,0.0041998741450971705,-0.09640754989450986,0.37492690617183483,-0.6728630795661469,-0.5355956860329278,-0.38871389014572943,0.6421881807420324,1.4266821374579575,0.0576011965480339,-1.0798033451155775,-0.9659157562089536,0.20136324174381687,-1.038212714753976
2013-10-31,-0.18893951918888213,-0.7610902241957312,0.0041998741450971705,0.4728763884409748,-0.05435629389861094,-0.6137696041500238,-0.6095949371662336,-0.7732114074674888,0.5017390479974156,1.3719279922740442,0.11264801630901529,-1.007927632104796,1.083914211634339,1.2773247914851895,-0.11477879675883777
2013-11-30,0.11463239534026798,0.16517591615893668,-0.5388438528159673,-0.5821541898047405,-0.4184527390305489,-0.12533878266611523,-0.4023215707937767,-0.779956977946818,0.4455593948995689,1.6018954020464793,0.0025543767870525222,0.4775037701180327,2.21743653854388,-0.6882918950246587,0.5018278026647595
2013-12-31,0.08306105702745527,0.04906763629457209,-0.35782927716227964,0.3509964677498403,0.0010518814963699516,0.17267516056734544,0.5472148011148492,-0.7772587497550861,0.052301823214642544,1.8099611537453486,0.11264801630901529,1.7952251753157094,-1.188763900464434,0.24533666756085273,-0.047234590128808894
2014-01-31,-0.45872517245765365,0.49173451011164276,-0.17681470150859202,0.13871582758825976,0.15966987106733604,0.09071449568650583,-0.08172351584266095,-0.14452423879401585,0.15061621613587398,1.4485837955315228,-0.052492442973928854,-0.28917050199697447,-1.5397459057320853,0.34297111005419484,0.8991128333989157
2014-02-28,0.6197245481314239,0.5239211002668311,0.18521444979878637,0.02308507722156202,-0.09235854255708917,-0.40270853975967136,0.49178961358616247,-0.7394835550708433,0.0803916497635659,1.4485837955315228,0.0576011965480339,0.11812520506412179,0.7848894404303884,0.25711977138614867,-0.4465709131530428
2014-03-31,0.8248765225259708,0.426697501270117,0.0041998741450971705,-0.17482355839419492,-0.3405590610064997,-0.05169045707571442,-0.14414259960211692,-0.755672924221233,-0.04601256970658951,1.4047804793843923,0.11264801630901529,-0.36104621500775597,0.35066186651248443,-0.2504523518726372,-0.08789132937917161
2014-04-30,-0.01819071194187435,0.0719576822759676,-0.900873004123344,0.25305766958358683,-0.07783504776967516,-0.11799581776641738,-0.16401853144047293,-0.8190812867269267,-0.18646170245120566,1.3609771632372618,0.11264801630901529,1.0045923321971026,0.9306258760606713,-0.09838673450879143,-0.20532402618513013
2014-05-31,0.2595893760670452,-0.01155857258759045,0.18521444979878476,-0.5501337597497264,-0.24695622237994488,-0.10352358015420106,0.2946595992682056,-1.090253219995957,-0.1021922228044356,1.2076655567223054,0.0576011965480339,-0.504797641029319,-0.4453008696643181,0.22798276098395145,-0.07948238555271969
2014-06-30,0.22089358127882974,0.21431515765542042,-0.35782927716227964,-0.06466236860234617,-0.23750094564967092,-0.3205053611426262,0.22490672398365197,-1.067318280366238,-0.15837187590228233,1.1529114115383925,0.11264801630901537,0.1660423470713106,-1.2766177262541158,0.0614453055622601,-0.3201641994511679
2014-07-31,0.10349302113614686,0.07251326917621181,0.18521444979878637,-0.08384889489941433,-0.21508155998255757,-0.39349078667341325,-0.7604159566729417,-0.34149489679042594,-0.1724167891767443,1.1419605825016097,0.002554376787052446,-0.14541907597541148,2.23686618155838,0.05053447690713263,0.6911745799587818
2014-08-31,-0.2959632016781898,0.40983236578848664,-0.17681470150859202,0.006816287333221276,-0.149969812601526,-0.8733922825837803,-0.05704446013239844,-1.0120046024357392,-0.08814730952997424,0.9448456598395233,0.0576011965480339,0.19000091807490668,-1.2449477760198773,-0.4506590198524732,0.1484462369772326
2014-09-30,0.16674047056120617,0.20387583303799534,-0.357829277162278,-0.2361020480416228,-0.24018377908669455,-0.7868880227847184,-0.7028506283960048,-0.4278381989258386,-0.003877829883204166,1.0215014630970012,0.0576011965480339,0.5254209121252215,0.500142067710197,-0.16775610427972681,1.5312256949393563
2014-10-31,-0.10062355772052246,0.456157914543671,-0.35782927716227964,0.02588521829891297,-0.08391187816993821,-0.8875552700474272,-1.2161580968004189,-0.7354362127832459,0.1365713028614126,0.922944001765958,0.0576011965480339,0.5733380541324137,0.6251242118011998,0.34886164615571674,0.3115504829423872
2014-11-30,0.4860072558884233,0.5567181372562958,0.18521444979878476,0.006816287333221276,0.32994002165593783,-1.5174684673921184,-1.946258768126169,-0.8298741994938533,0.31915517542941413,0.7696323952510016,0.0576011965480339,0.4775037701180327,-0.8958885930252739,-0.18574916490766874,1.0347739402393699
2014-12-31,-0.11991314651138238,0.6112833082577066,-0.35782927716227964,-0.10859453239985187,-0.2530031163352071,-1.9675179319277687,-2.0436915206636694,-0.037944225220616044,0.3051102621549521,0.539664985478567,0.22274165583097813,1.1723023292222619,0.8909983559132045,0.48684899306882806,1.1472981788481889
2015-01-31,-0.8782748836730393,0.8206108818880216,0.18521444979878637,-0.07148210419844961,-0.5355305769530838,-3.2005696330360194,-1.0989592082973878,0.20084896974763433,0.4455593948995689,0.22209094341187163,0.0025543767870525222,1.1004266162114804,0.14560819985775242,0.5438030069562783,1.6711682709363966
2015-02-28,-0.7350325140378909,0.23093564639337572,-0.35782927716227964,0.6745892603796462,0.26756029127000286,0.13187272126077504,0.3839269714363993,-0.8285250853979875,0.23488569578264404,0.39730420800039334,0.0576011965480339,-0.6245904960472892,-2.585392197336916,1.0037021932248253,-0.0020630137024518435
2015-03-31,-0.43810785761052456,-0.7008669780253065,-0.1768147015085904,-0.9027195173312447,-0.34287174015122307,0.19121962245987578,-0.43942795130407963,-0.5654478367041523,0.36128991525279885,0.40825503703717575,0.0576011965480339,-0.5527147830365111,1.0284476185213047,-0.8822098122409504,0.9056167653816033
2015-04-30,-0.6441129291783895,0.11815855886291839,0.0041998741450971705,0.006816287333221276,-0.10329341004669719,-0.4244603510290871,2.1240957790389525,-0.665282279798223,0.4315144816251075,0.5068124983682192,0.11264801630901529,0.7170894801539767,2.747736809924484,-0.3131037204187803,-1.0626395748189383
2015-05-31,-0.5422304642730085,0.02496827958938893,0.3662290254524723,0.12901651414440826,0.18401383030875584,0.4160647261901498,0.08057128286747789,-0.7610693806046964,0.6000534409186477,0.5506158145153496,0.0576011965480339,-1.223554771137144,-1.2476214333693556,-0.4096035765205063,0.7034018215688764
2015-06-30,-0.4184828329868603,-0.18093298551182088,-0.5388438528159673,0.006816287333221276,0.08436410654027882,0.21877203217057675,-0.14459928308915254,-0.1688082925196006,0.7545474869377259,0.7696323952510016,0.11264801630901537,1.3160537552438247,1.4146843343398925,-0.21494175640946173,-0.11566577022138425
2015-07-31,0.5158482570947304,-0.03136153762489056,-0.1768147015085904,-0.1153839394779657,-0.25885252690942906,-0.22160078947002243,-2.266764834843276,-0.9931170050936179,0.909041532956804,0.5725174725889148,0.0576011965480339,-0.6964662090580741,-0.6379351366626494,-0.16757287014409694,1.1026116881707402
2015-08-31,-0.29113826516346647,0.011613176221476477,-0.17681470150859202,0.20901095803740488,0.02728274370701793,-0.8151956392879245,0.39747990837941755,1.2072880852635375,1.203984711720499,0.5068124983682192,0.11264801630901537,-0.26521193099337836,-0.17614141525871527,-0.15154080827877342,0.8498753981504676
2015-09-30,-0.383963384647893,0.09656701690904543,-0.1768147015085904,-0.13394131397864908,-0.07691109059536762,-1.6540519926539101,-0.8674537013187705,0.6770862455882696,1.4006134975629625,0.45205835318430615,0.0576011965480339,-1.1037619161191736,1.0244894602723493,0.10513904566052339,0.358939442602278
2015-10-31,-0.5834928029313613,0.09260897068548392,0.0041998741450971705,0.06757944475209504,-0.15586647512775456,-0.44423475344964297,0.3030462980858154,-0.5951283468132003,1.2601643648183456,0.4411075241475236,-0.05249244297392901,0.6931309091503806,-1.858694794254989,-0.06143132886113585,-0.5421300523684732
2015-11-30,-0.8301771941733022,-0.340150300322264,0.18521444979878476,-0.19837454001240337,0.25134083113096434,-0.36769962078958723,-1.388907652898937,-0.45212225265142336,1.2742092780928076,0.2877959176325673,0.0576011965480339,0.3337523440964697,1.3110160873403147,0.5499428753050912,1.0044760833373467
2015-12-31,-0.5901903525668587,0.24694575329622465,-0.1768147015085904,0.23211428367126227,-0.2327319091650642,-1.215565130263473,-0.8409437957178205,-0.17150652071133218,1.3163440179161923,0.22209094341187163,0.7181630336798107,0.3337523440964697,-0.2831389495679575,0.22498014129347418,0.4622063811570499
2016-01-31,0.3959180215734952,-0.0920347160040309,-0.35782927716227964,0.12595031924323993,0.01853145994332688,-0.9848958220393194,-0.9658723260863221,0.09696718436596613,1.667466849777734,0.18923845630152383,0.6080693941578481,-0.12146050497181539,-0.6132085673193239,1.1110003519014129,1.0215822708394657
2016-02-29,-0.6176211974301433,-0.3268013402268274,0.18521444979878637,-0.2546251403804007,-0.13465420127350622,-1.3105947023824662,-0.28765693710960955,0.14418617772127007,1.7657812426989654,-0.0516797825076933,0.2777884755919594,-0.049584791961033894,1.4719912535425796,0.4226109348268533,-0.618449036171043
2016-03-31,-0.8363065510568908,-0.2758709075152961,0.18521444979878476,0.0478499488509702,-0.06570626657972681,0.3553978702720217,1.142036790591611,-0.7462291255501724,1.1618499718971143,0.04687767882335017,-0.05249244297392901,-0.14541907597541148,-1.2445767820606586,0.00915356962582842,-2.0428726137929103
2016-04-30,0.21604714389616106,-0.4928884061556512,0.18521444979878476,0.14808672227518135,0.08909223995652263,0.6143975090561731,2.0881733300552985,-0.5101341587736536,0.7966822267611106,0.05782850786013278,0.11264801630901537,-0.45688049902213357,0.5879661949368754,0.34972814001693003,-0.5337607183313937
2016-05-31,-0.33295998138919136,-0.358011819912596,-0.5388438528159673,-0.3004446632164609,-0.2410978155422987,0.0683282480956532,0.6117671336560686,-0.7138503872493926,0.7685924002121872,-0.04072895347091069,0.0576011965480339,1.3879294682546097,-0.16236233709263145,0.012945026047182673,1.7109659015602927
2016-06-30,0.34595017350706064,-0.06171103731383307,0.18521444979878637,-0.014286667618178733,0.042883396935561674,0.22176538309145657,-0.18492793458725537,-0.5195779574447142,0.8809517064078807,-0.10643392769160621,0.11264801630901537,-0.2652119309933818,0.6014433000126126,-0.11147357753826274,-0.13184734156328778
2016-07-31,0.001662386622385357,0.3577710337920965,-0.17681470150859202,0.09074999875615686,0.023729712496574473,-1.0018076499495925,-1.4671788102592604,-1.0268448574902633,0.5860085276441857,-0.23784387613299737,0.11264801630901537,-0.8162590640760444,0.38025722807123674,0.014327749541419478,-0.14252242173690244
2016-08-31,-0.25886081197914484,-0.15638846816825638,0.18521444979878637,-0.09830107887394758,-0.019130696884024804,-0.12357449102707396,0.6812879475386949,-0.8177321726310609,0.4455593948995689,-0.24879470516978,0.11264801630901537,-0.02562622095744119,-0.7177233575364494,0.2749212514465763,0.24236587012272442
2016-09-30,-0.2148642354849237,0.14238339395194669,0.18521444979878476,-0.29858886443233257,-0.27080045518395773,0.16486733884973404,0.6134251154034587,-0.8352706558773167,0.5579187010952623,-0.19404055998586708,0.0576011965480339,0.3577109151000658,-1.172896729366834,0.08819112603536299,-0.06521886520307744
2016-10-31,-0.09706439498097132,-0.09039743065114138,-0.1768147015085904,0.3964743023899439,-0.06413374983125693,0.060350931169628176,-0.2020540939556809,-0.326654641735902,0.4455593948995689,-0.029778124434128084,0.0576011965480339,-0.9360519190940148,2.642344610747507,0.12193793037569554,0.8044641952976981
2016-11-30,-0.5186613472082534,0.22063152204800496,-0.35782927716227964,-0.2062684052247785,-0.13936116195368717,-0.3735453906424896,0.49593791396185877,-0.8298741994938533,0.22084078250818268,0.27684508859578466,0.11264801630901505,1.6035566072869543,-1.801740120801964,0.37143613944242376,1.698802697299924
2016-12-31,0.550120873368603,0.2189056144153791,0.0041998741450971705,-0.2374505737857858,-0.04546301787442684,0.1281018415148416,0.7903542533701394,-0.7340870986873801,-0.017922743157666156,0.2658942595590021,0.7732098534407925,1.0764680452078876,1.2009103651559747,-0.4763928828861595,0.25374867092337605
2017-01-31,-0.3681371436732359,0.15348668374721866,0.0041998741450971705,-0.06171471835698871,0.2529829748107761,0.6934301811748237,-0.2016044125879903,-1.0106554883398733,-0.08814730952997424,0.27684508859578466,0.6631162139188294,0.0941666340605291,-0.6454355792976044,0.28969100509698675,-0.9621377386371407
2017-02-28,-0.5033398943498396,0.20985705789543746,-0.17681470150859202,-0.4730956845984241,-0.059295346207135426,-0.21923744210530557,0.20492687734666676,-0.885187877424352,-0.14432696262782094,0.1454351401543934,0.11264801630901537,-0.5047976410293223,0.8448946003241474,0.25913515334948367,-0.10732772330790971
2017-03-31,0.5272389049643189,0.26368171595220563,-0.357829277162278,0.37059153231140046,-0.1846664896590114,-0.9881684994488367,-0.6586039623916126,-0.9593891526969723,-0.07410239625551225,0.13448431111761078,0.7732098534407922,0.166042347071314,-0.8378824449117466,0.10990853839218487,-0.5600887465539225
2017-04-30,0.8732290041100288,0.12781328109819315,0.0041998741450971705,-0.08787865063403975,-0.6764287356422269,-0.35295096719981006,-0.2580398533773688,-1.1685018375561744,-0.017922743157666156,0.0030743626762197384,0.6631162139188294,0.0462494920533403,-0.47788439110451336,-0.042586774224057336,-0.00971659429603108
2017-05-31,0.0027933360574284236,0.6894783422626267,0.0041998741450971705,0.4868273340509259,-0.022237123081837083,-1.1028215301162627,-0.2220513682049703,-1.2238155154866732,-0.08814730952997424,-0.084532269618041,0.11264801630901537,0.0462494920533403,0.1255646628541391,-0.19588958173307505,-0.6975187477335297
2017-06-30,0.08785891561876019,-0.16066781333555397,-0.17681470150859202,-0.12613855015326206,0.2075160647950762,-0.5703205317492915,-0.48452324671666624,-1.119933730105005,-0.28477609537243775,-0.084532269618041,0.7732098534407922,-0.48083907002572623,0.9811265430127841,-0.6867279463710684,-0.6188896152528434
2017-07-31,-0.3453259006416329,0.19083590110767118,0.0041998741450971705,-0.03822070037720093,-0.011184107202210122,-0.6912683208013367,0.8187467020740294,-1.2440522269246606,-0.3269108351958225,-0.0516797825076933,0.6631162139188287,-0.36104621500775597,-0.44413265577992245,0.012076527545218324,-1.0406205497550258
2017-08-31,-0.515429518648977,-0.04129960250173906,0.18521444979878637,0.051853275043643475,-0.06969222046800513,0.6210877788267428,-0.6039921323274805,-1.1995314617610884,-0.21455152900012903,-0.23784387613299737,0.11264801630901537,0.8368823351719435,-0.5044079155526274,-0.10081728482992253,-0.223208778629278
2017-09-30,-0.011925692585200104,0.15708156231107456,-0.17681470150859202,0.29095646490298643,-0.21630477084903244,1.0887723003751657,0.8387354872192357,-1.3452357841145972,-0.41118031484259254,-0.16118807287551926,0.002554376787052446,-0.3850047860113521,0.24376852785170525,-0.2015155101850475,0.3385188404017135
2017-10-31,1.0780811192300708,0.30607749876588575,-0.1768147015085904,-0.4135484345470381,0.3053381552565577,-0.5242543155083246,0.46821718916119753,-1.2548451396915872,-0.5375845343127477,-0.24879470516978,0.0576011965480339,1.363970897251017,0.8003750349481763,-0.10092826302190143,0.8106812068900993
2017-11-30,0.12010286821262087,0.3576328914292759,0.0041998741450971705,0.05259769646895317,0.3684465671914979,0.18155523927743253,0.503518482036612,-1.1064425891463467,-0.5797192741361327,-0.4021063116847364,0.11264801630901537,-0.5047976410293223,0.16511730672239164,-0.2602075456169493,-0.6435301246048774
2017-12-31,0.07768439762870494,0.06340742386847394,-0.17681470150859202,0.11964134780654251,-0.32738697998520333,-0.027524916137051093,0.4796466361796004,-1.1388213274471266,-0.7342133201552108,-0.5444670891629102,0.8282566732017743,-0.6006319250436966,-0.9983234883892632,-0.3319373537903703,-0.19191389089523303
2018-01-31,-0.11404648214171849,-0.4430942342831812,-0.1768147015085904,-0.4589637359639503,0.2753083936842283,0.771641347560858,0.6501051244872844,-0.8015428034806712,-1.0291564989189057,-0.46781128590543203,0.6631162139188287,-0.02562622095744119,1.2636707685503616,-0.5963144481068343,-1.617765914408067
2018-02-28,0.12321207253993888,-0.015220915540263549,0.18521444979878476,-0.2926901108397134,-0.14014492781611773,0.19059971566528264,-0.5381569099878122,0.049748191010662655,-0.8606175396253659,-0.4240079697583016,0.11264801630901537,0.9806337611935101,-0.21474362608276845,-0.18948869021396642,0.7882763705940503
2018-03-31,0.36284438873245406,0.06530688052061259,-0.1768147015085904,0.40266457427354724,-0.06850983309842042,-0.7417854942457069,0.5042047465582423,0.06593756016105216,-0.6218540139595173,-0.5882704053100406,0.553022574396867,0.42958662811084725,0.4072899023891186,9.042511587938629e-05,-0.4528558776800752
2018-04-30,0.9532097655253328,-0.08204522366527277,0.0041998741450971705,-0.5715267753424503,-0.5838949441623866,0.15786261948527175,0.5122684359785669,-0.4791045345687397,-0.7061234936062875,-0.5992212343468232,1.048443952245699,-0.6006319250437,-0.41028731854312,-0.5374761616658134,0.8977049692475499
2018-05-31,-0.9916803855673543,0.13346141951776802,-0.35782927716227964,0.34108820048966626,-0.549295089800545,0.028773778440513147,-0.2452949095210651,-0.5465602393620308,-0.565674360861671,-0.632073721457171,0.11264801630901537,-0.16937764697900418,0.7898952063910173,-0.09647347083421841,1.258590558240263
2018-06-30,0.6402210049543005,0.32467042288271475,0.36622902545247393,0.15454554808505658,-0.3841318219018058,-0.4771976685634943,0.9563898994722395,-0.4575187090348865,-0.4252252281170542,-0.7415820118249968,0.7181630336798114,0.0702080630569364,-1.652981102079804,-0.25386113242087094,0.5879199330309753
2018-07-31,0.04460308557798095,0.4159182751127482,-0.35782927716227964,-0.5284499024976282,-0.087189134294051,-0.5221015301668281,-0.5894542184406677,-0.8973299042871444,-0.6499438405084408,-0.7853853279721272,0.5530225743968658,-0.049584791961033894,0.1738715010157658,-0.3531394849559124,-0.25388167318398996
2018-08-31,0.514161123584147,0.2803475724766698,0.0041998741450971705,0.11283902560669848,-0.3394476590597046,-0.14665274274267076,-0.02620592820544867,-0.893282561999547,-0.523539621038286,-0.8401394731560403,0.0576011965480339,-0.3850047860113521,0.8228391180749665,-0.2074236400014204,0.7118550432197128
2018-09-30,-0.048977349451228065,-0.28385449415117864,-0.1768147015085904,-0.019499766792541538,-0.3120077857516089,-0.044151307457006864,0.426703622732139,-0.9931170050936179,-0.6358989272339791,-0.8401394731560403,0.27778847559195974,0.9566751901899139,-0.3791342290706072,-0.5538317555985101,-0.22342666814752435
2018-10-31,-0.21950171341294,-0.10915141938561919,0.18521444979878476,0.16286939484342164,0.40376858799751375,0.059193036167326206,-1.114116741229722,0.2359259362401459,-0.3690455750192078,-0.7963361570089099,1.3787248708115876,-0.33708764400416324,-0.29641809858391116,-0.700844439386087,1.2399315684721952
2018-11-30,-0.03512107782745931,0.11839912559729172,0.0041998741450971705,0.5207824603538032,0.43119787227460815,-1.0767369569234915,-2.444864890340464,-0.19039411805345377,-0.031967656432127525,-0.8729919602663881,0.1126480163090166,-0.24125335998978567,-0.42208588745551723,-0.5035501635841674,-0.05907316302903574
2018-12-31,-0.08840584744997608,1.4634951105438552,0.18521444979878557,0.03014061221475999,0.5870589962031059,-0.5579042959396268,-1.1527335604375442,0.8012047424079254,0.22084078250818268,-0.8729919602663881,0.44292893487490287,0.21395948907849938,-0.9625432246716161,0.5077798828190319,-0.3917125150213469
2019-01-31,-0.7602445872640917,-0.26707058707787507,0.18521444979878557,-0.08707611257028672,-0.1334740070363155,-1.1181480177309655,1.67504344492527,-0.392761232433327,0.12252638958695063,-0.905844447376736,0.7732098534407916,-1.6787676202054291,1.4473632636493754,0.09706396038053058,-0.9362603059836639
2019-02-28,-0.6449240074285799,0.0617196828656045,-0.35782927716227964,-0.30981383073598356,0.21690088578925218,0.30567243081113593,0.564173371547085,-0.6342526555933092,-0.1021922228044356,-0.8729919602663881,0.0576011965480339,0.6452137671431918,-1.1405109468035768,-0.24572574725494248,0.2937706704679027
2019-03-31,-0.07573965425602,-0.041352085406845554,0.0041998741450971705,-0.46380308890876076,-0.3065412610587862,0.5962202366188256,0.46847026153890137,-0.7786078638509519,-0.04601256970658951,-0.9496477635238663,0.1126480163090166,1.1243851872150765,0.7774495622432434,-0.18867094638468687,0.42485881556681887
2019-04-30,-0.682538815664595,-0.38936493682150836,-0.1768147015085904,0.5521269386203458,-0.4684592822898614,0.5879918008955543,0.5449552189176196,-0.8582055955070357,-0.21455152900012903,-0.8401394731560403,0.11264801630901414,-0.2652119309933818,0.8442108845299935,-0.36991430221236987,0.08057627461099134
2019-05-31,-0.00011719975948399956,-0.2715790681089513,-0.17681470150859122,-0.04286583022022965,-0.2059072414398444,-0.7214449264724211,-1.7231879515840047,-0.1040508159180411,0.10848147631248926,-0.8948936183399534,-0.10753926273490923,0.6931309091503806,0.21272834814475355,0.5513038954361276,0.6296107438678018
2019-06-30,-0.0690320383673801,-0.09307717844301681,0.0041998741450971705,0.10573889777568947,0.1784251606582837,-0.9350768694410758,0.7922790079827384,-0.5937792327173345,0.02421199666571919,-0.8291886441192577,0.002554376787051224,-0.40896335701494474,-0.5003927173093462,0.3985071116612931,-0.9859672239714456
2019-07-31,-0.5847925449556324,-0.334970502972616,0.18521444979878557,-0.5064690623625466,-0.1378156075274729,0.04737895824734145,0.03377802743516493,-0.4534713667472889,-0.22859644227459103,-0.9605985925606488,0.16769483606999683,0.0702080630569364,-0.027369211061573126,0.20982513519854862,0.41176890612973954
2019-08-31,0.5513974465297369,0.4161886511623484,-0.17681470150859122,0.24369641855919813,-0.2671913509145051,-0.4721133644536419,-0.6076952297272887,-0.06762473532966397,-0.04601256970658951,-1.1029593700388227,-1.4286629369984643,-2.038146185259343,1.323933774745784,0.2487551344069212,1.1962508927013593
2019-09-30,-0.44176048172872073,0.003167986798013023,-0.17681470150859122,0.006816287333221276,0.0621901272329107,-0.23930468714063843,-0.19366535779180227,-0.4372819975968994,-0.13028204935335896,-1.0482052248549096,-0.437820181300798,0.836882335171947,-0.6055011627855675,0.05641872765029405,-0.10143153175717323
2019-10-31,-0.9365250212883748,0.018812420809565106,0.18521444979878557,0.006816287333221276,0.21280955978828667,0.24088187108175724,-0.033165135958498466,-0.8447144545483772,-0.15837187590228233,-0.9167952764135184,-1.0983820184325754,0.5733380541324102,0.13922893527439295,0.8465210639724849,-0.924913430239025
2019-11-30,0.3745510827419735,0.35734212678846156,0.0041998741450971705,0.40444120000248984,0.46246826629590954,0.23646470224723418,0.6840463243690983,-0.9256613003003268,-0.2988210086468991,-0.9167952764135184,-1.4837097567594457,0.3337523440964697,0.27070184036046957,0.5240956216095539,0.5402780702382589
2019-12-31,-0.3384351211786425,-0.7853698024803815,0.0041998741450971705,0.006816287333221276,0.7802091942001627,0.2725150244649791,0.4673042389144999,-0.7691640651798914,-0.4392701413915159,-0.7306311827882143,0.0576011965480339,0.621255196139599,1.7238233009241974,-0.21891334621286943,-1.1234076871234766
2020-01-31,-0.751486228457562,1.0738560536664297,0.0041998741450971705,-0.5211562622400243,-0.2586732986584407,-0.09656796953655464,-1.6586801452657434,-0.08651233267178556,-0.22859644227459103,-0.905844447376736,0.0576011965480339,0.14208377606771788,0.27302593072672915,0.11922732539909768,0.4812771033655124
2020-02-29,0.21411587914696223,0.4391721812085924,-0.17681470150859122,0.1371639242371982,-0.1382220602957003,-0.6363776513632521,-1.3718371140435657,2.7830533492348173,0.12252638958695063,-0.8072869860456925,0.22274165583097827,0.309793773092877,-0.25776242375145964,-0.04587718462039061,0.8625824581516074
2020-03-31,-3.9919854619296946,-3.254942021995659,1.633331055028292,18.397110668389907,15.382320926189914,-2.5088564536191007,-7.553674986287932,4.594913579982617,2.299487947128509,-0.5882704053100406,-5.061753041223237,-2.8287790283779466,-2.574262248700095,5.542901916885212,2.1352575803214466
2020-04-30,-13.861865241258561,-8.679977195861301,18.829715742128673,-3.0150167205768885,10.196031013900944,-3.78360220426153,-0.6414764233806358,1.9789813480987875,1.3163440179161923,-0.6211228924203884,-3.2452079891108503,-4.1225418625720245,-3.8552407597723826,10.798843388755587,-0.0944741246568221
2020-05-31,1.4825288011014204,2.9056636702770886,-2.8920333363139172,-4.109754474309179,-1.258137940176993,-1.1493044660845377,5.904152466017262,1.0831695884438821,1.1056703187992676,-0.5663687472364753,0.0576011965480339,0.14208377606771788,1.337428600594419,8.408508987469608,-0.6062721095616178
2020-06-30,6.058814794436107,2.7713383625988994,-3.9781207902360425,-0.6872033225921651,-1.48107384938496,0.9925547256648501,0.9326150556752368,1.477110904436702,0.8949966196823426,-0.5554179181996928,0.22274165583097813,1.4118880392582025,2.528330392296565,1.7519102035704213,-0.2172019967700148
2020-07-31,3.4643592013479694,0.8174677608412496,-1.44391673108441,-0.755916772038042,-0.4221029957631118,1.085076094524128,0.18079704440612623,0.6716897892048064,0.4315144816251075,-0.6211228924203884,0.11264801630901529,-1.3193890551515182,2.390131976855017,0.6981244115777292,-1.453501063266445
2020-08-31,0.8339528906756943,1.2421494657055372,-3.2540624876212894,-1.975275529561557,-1.6812898692492577,0.5774476681486663,0.5641792503834463,0.9347670378986416,0.529828874546339,-0.46781128590543203,0.11264801630901537,0.4056280571072512,-1.1341636736297864,-0.07627208421437989,-0.6637827468999471
2020-09-30,-0.10006793810289509,1.328716303684686,-1.0818875797770333,-0.5621782364787666,-2.5766085180799707,0.16595874162286872,-0.6175786591443901,0.9293705815151784,0.6421881807420324,-0.4897129439789971,0.002554376787052446,1.5316808942761762,0.6895165838162917,1.082902957903679,0.5317501073164055
2020-10-31,0.6672591212993298,1.707181386851429,-1.6249313067380962,-0.14863959965186962,-4.549391974327875,-0.3513383049912304,-1.1445237275881783,2.501088503198861,0.4455593948995689,-0.29259802131691043,0.0576011965480339,0.35771091510006237,0.5967195219023869,0.703348102959262,-0.3740427461124741
2020-11-30,0.2310809892506505,-0.42923290129422353,-0.35782927716227964,-0.2573697784919384,-1.501663961040984,0.03480455209589425,2.2684811779607674,0.14688440591300167,-0.003877829883204166,-0.358302995537606,0.0576011965480339,-1.1516790581263592,0.0035060777062004673,1.5205880528001297,-1.3462405661851253
2020-12-31,1.1626565233266615,-0.421534120298955,0.0041998741450971705,0.2710023531583809,-1.1177255282065526,0.8062155011298558,0.6283040243229863,0.44099127881175076,-0.15837187590228233,-0.22689304709621477,0.0576011965480339,0.9327166191863211,0.5783147140316875,0.31626730911642276,-0.9042783917321555
2021-01-31,0.3996116266847833,-0.285280876450891,-0.5388438528159673,0.2177371580916303,-1.0801532017765272,0.10032207780208639,0.7100006941898478,1.8359752539370109,-0.1724167891767443,-0.00787646636056287,0.0576011965480339,-0.3850047860113521,0.08242675759066527,1.7068306764950105,0.29295017263207784
2021-02-28,-3.3790036827959438,-0.1533422475259183,-0.35782927716227964,-0.7220534433492063,-0.9851563795512049,0.4525201972402521,1.5739652344218673,1.142530608661978,-0.2426413555490524,0.3206484047429151,0.0025543767870525222,-0.5047976410293223,-1.9111548199719492,1.6676252602077979,0.4061333690884264
2021-03-31,2.665050142705352,0.9845982376868896,-0.17681470150859202,-0.3675079817592948,-0.923894348131371,1.1396118553675583,-0.3973296533276925,-0.010961943303299707,-0.3690455750192078,0.6272716177728279,0.0025543767870525222,1.9629351723408686,2.41203395754306,1.3395753964063075,0.45549220579164373
2021-04-30,0.05867985650673814,0.9247244167462562,0.0041998741450971705,-0.7497464804042683,-0.2413060868484784,1.5092909566389159,0.6564158601045303,-0.11754195687669951,-0.4673599679404392,0.5287141564417844,0.0576011965480339,0.8368823351719435,-1.5992635111402986,1.9703326041416362,-0.81978548453717
2021-05-31,0.7467233927139728,0.4247782831635255,-0.5388438528159673,-1.6320248260785912,-0.9745549574853671,1.6564030066938984,0.39644411218083236,-0.36712806461187625,-0.4252252281170542,0.4739600112578714,0.002554376787052446,-1.2714719131443295,0.9221736450167797,1.7588663204199346,-0.6352176811079978
2021-06-30,0.2443999552008488,0.18352920433200617,0.18521444979878637,-0.8169161396198413,-0.3253296709373294,2.333579715924878,0.9736387157558217,-0.49259567552739786,-0.593764187410594,0.21114011437508903,0.16769483606999674,0.6452137671431918,0.504637658251295,-0.6811713314238044,0.8419824999087412
2021-07-31,0.3282819684914815,0.2664926261824274,-0.900873004123344,0.16997321828756082,-1.735935904472101,0.9060307908636298,0.03288340164871072,-0.16745917842373503,-0.48140488121490094,0.04687767882335017,0.16769483606999674,-1.007927632104796,-0.4976255028388942,0.5719758626546259,0.04844295053196631
2021-08-31,-0.31434728747956464,-0.2614446427205732,-0.5388438528159688,-0.38686706788423897,-0.02089955397171602,0.24670817327394912,-0.7654232921054347,-0.4049032592961194,-0.4954497944893626,0.1016318240072632,0.002554376787052446,-2.589193318342006,-0.0284769613990102,1.0203321827699579,0.19703795146558287
2021-09-30,-1.27148672971447,0.06725939704703604,-0.7198584284696548,0.3417243540274552,-0.23224114622043032,0.8728545460366797,0.8906861010969697,0.4936067285505179,-0.6218540139595173,0.25494343052221946,0.0025543767870525222,0.621255196139599,-0.15762111996411934,0.40594923053717663,0.7035320128038061
2021-10-31,1.1853228925667003,0.21400478600819822,-0.35782927716227964,-2.0007365139513373,-2.1704983195701386,2.769033248081156,0.9853213007614837,-0.43458376940516735,-0.8465726263509042,0.06877933689691539,0.0576011965480339,-0.24125335998978567,0.09237737621357982,0.7454130616596578,-0.2401218208013165
2021-11-30,0.5447641996295831,-0.31398495386002984,-0.7198584284696564,-0.9147253806744721,-1.6257281780793482,2.3722720370240395,-2.265975814937096,1.0399979373761759,-0.6780336670573641,-0.10643392769160621,0.0576011965480339,-1.007927632104796,0.934863041127936,0.692596420868827,0.9427973970138364
2021-12-31,-0.39486535857474636,-0.6528682125840427,-0.35782927716227886,-0.09436495437897065,-0.9707832174044377,1.7566337797810352,1.2326616109550426,-0.3050688162020488,-0.6218540139595173,-0.23784387613299737,0.0576011965480339,0.7889651931647548,0.03341180803750004,0.5732696859515065,-0.42832596352257557
2022-01-31,-0.48706167609330114,-1.2335663213428458,0.18521444979878557,0.3531489911790506,-0.04332021445572043,1.4377881126736651,1.60305919127831,0.7216070107518414,-0.5094947077638242,-0.4349587987950842,0.0576011965480339,-0.7923004930724483,-0.13162439103814724,0.4617266600649127,0.12250160878805855
2022-02-28,0.4883628526274144,-0.3702949222911271,-0.17681470150859122,-0.5741664177279963,-0.5008402982663765,1.7644786648643391,0.7044059774851852,1.4393357097524586,0.06634673648910391,-0.6758770376043013,0.0576011965480339,-1.0318862031083922,0.27974064341501614,-0.20253275882777677,-0.1640781746842652
2022-03-31,0.4496818878780555,-0.8001159328617513,-0.35782927716227886,0.1643487696620431,-0.5205648398084877,3.3302550385914644,0.41045049308372045,0.14553529181713562,-0.5094947077638242,-1.0591560538916922,0.7181630336798107,-0.79230049307245,-0.22000779890634203,-0.31435742896144864,-0.007186577036184019
2022-04-30,-0.06496343722081374,-0.28557581042891284,0.0041998741450971705,0.10940290384585903,-1.0236951741368616,0.33624258488903663,0.3607132843544002,1.8777977909088508,-0.3409557484702844,-0.8948936183399534,0.7732098534407922,1.411888039258204,0.7834243713875764,-0.9944551202256728,1.9144435999856735
2022-05-31,-0.21435304487513718,-0.39672167945396786,-0.17681470150859122,-0.49833376679533126,-0.1585541003588161,2.7123522766253574,0.8412904893594705,0.9050865277895936,-0.15837187590228233,-0.7525328408617794,2.479661266031216,-1.6068919071946492,-1.9897022981010348,-1.275336957466025,-0.6392068657348711
2022-06-30,-0.41540279818355796,-0.7701237321126465,0.0041998741450971705,0.3573650801072815,0.299560889283492,3.8487309116238873,-0.5950308322758778,1.2450632799477805,0.02421199666571919,-1.037254395818127,2.4796612660312154,-1.9902290432521528,0.08588687534241785,-1.4339984460541955,1.27157895675394
2022-07-31,0.0848745989615509,1.2347368162452868,-0.17681470150859122,0.409868111017361,0.1776007014331601,-0.8693477177273249,-0.6152773837244904,0.24941707719880385,0.09443656303802726,-1.3438776088480398,2.64480172531416,0.3816694861036585,-1.5117019802451885,-0.8324140236197488,0.3421419984423776
2022-08-31,-0.23399640782464276,0.3343996354691665,0.18521444979878557,-0.4487432183499138,-0.059817764044192125,-0.5806658853958104,-1.1514201034470468,0.8619148767218873,-0.15837187590228233,-1.4314842411423006,3.635644481011826,1.6275151782905504,1.3201005388694795,-0.9720845308287387,0.7536090259658653
2022-09-30,0.07560405065802143,0.18837662251337467,-0.17681470150859122,-0.5475979304651695,-0.14742518012184827,0.7676723278187255,-1.1758139724835646,1.6376554818447349,-0.07410239625551225,-1.5300417024733441,1.323678051050606,0.1181252050641235,-0.42908624532370515,-1.725414876975449,1.6667130968949024
2022-10-31,-0.14957079655550182,-0.46022400753125003,0.18521444979878557,0.34607651147543694,0.24270221327399874,1.2702072767231414,0.7471474644286494,0.8632639908177528,-0.017922743157666156,-1.551943360546909,2.920035824119067,0.3337523440964697,-0.30207911330553033,-1.4972538308660608,0.03740186753329238
2022-11-30,-0.39850089489125684,-0.22318458466753424,0.0041998741450971705,0.1955286127642511,0.5731270414729656,0.16144856545647865,-0.7200562563655731,0.14823352000886722,-0.20050661572566766,-1.8695174026136046,3.910878579816731,-0.7443833510652612,-0.10297135057763708,-1.3250884174666324,-1.7323278455732463
2022-12-31,-1.2638814669909644,0.11540841101084816,-0.17681470150859122,-0.10023088867411896,0.48537418324935416,-0.756127791682402,-0.05907024165272818,0.29528695645824227,-0.4252252281170542,-1.6833533089883004,1.819099428899438,0.765006622161162,-1.289358513158923,-1.8558779767666134,-0.9084966096933542
2023-01-31,0.6048996773474415,0.5809125236671866,0.0041998741450971705,-0.12996890866292865,0.28383327743376485,1.1659217600092031,-0.16721317819232193,-0.010961943303299707,-0.5516294475872093,-1.8585665735768218,1.3236780510506085,1.2441780422330466,0.6005909588124129,-0.94791181527529,-1.0807535105285069
2023-02-28,0.01982489428381631,0.1153648829596489,0.18521444979878557,0.1973836434141423,0.2091413281613503,0.46475071419367353,-0.27663978305309395,0.1644228891592572,-0.5516294475872093,-2.077583154312474,1.378724870811589,0.5014623411216288,0.3469753937622906,-1.166593025596538,1.0271408994304108
2023-03-31,0.2531195650899463,0.37952656427692444,-0.17681470150859122,0.6859741769897486,0.24713659399104515,-0.35423223132864295,-0.1722412688860787,-0.10539993001390713,-0.25668626882351436,-1.7381074541722135,0.49797575463588556,-1.1516790581263625,-0.2649132871821194,-3.4658308148173727,-0.8726556057753498
2023-04-30,0.11127901090351655,0.10002216222836569,-0.17681470150859122,-0.5140588634787651,0.07035922577122018,0.45142699753112375,0.11832248195788743,-0.4993412460067271,-0.2988210086468991,-1.7600091122457786,1.0484439522456976,0.42958662811084725,-0.21346185356922737,-2.5053765596003212,-0.06682125310027145
2023-05-31,-0.42421714575010033,0.15557078485512227,0.36622902545247393,0.4080427484585011,0.07585051255259138,-0.21102233653790575,-1.1749659924752576,-0.2079326012997093,-0.18646170245120566,-1.9352223768343002,1.3236780510506037,-1.1037619161191736,2.3124380787682535,-0.2332608173148913,0.7584553522976306
2023-06-30,-0.8946703574822267,-0.0007137356016386099,0.0041998741450971705,0.17361010392890217,0.29597974035120705,0.022737929475240597,0.3333914307306901,-0.794797233001342,-0.5797192741361327,-2.2637472479377783,0.16769483606999927,1.2681366132366394,-1.5930838600730137,-1.1187747857190138,-0.7121923765387121
2023-07-31,0.6491201965583132,0.27826134728163043,-0.17681470150859122,0.053563560327754875,-0.0010619897305094302,-0.08334078139189602,1.3896171977847895,-0.7894007766178786,-0.7342133201552108,-2.0994848123860392,0.27778847559195974,1.7712666043121132,0.3934098180854098,-0.9188976521357992,-0.6907797864102481
2023-08-31,-0.1771876406707365,0.03566202302491008,0.36622902545247393,-0.08707611257028672,0.1756433251434213,0.9881716657257706,0.18322991934637312,-0.7974954611930736,-0.6499438405084408,-1.9352223768343002,1.2135844115286432,-0.48083907002572623,-1.3097796466671654,-0.971913488462773,1.057825924127947
2023-09-30,0.06289814998336261,-0.09827437720883284,0.0041998741450971705,-0.43658181066539137,-0.029280341999471063,0.6405425973055556,0.7777609407197514,-0.26459539332607407,-0.7201684068807491,-1.584795847657257,0.0576011965480339,-0.36104621500775935,0.4595443996939535,-1.110468868199447,0.8996292696989563
2023-10-31,-0.6451272588680114,0.23573024076125898,0.36622902545247316,0.0324030255504371,0.1230634632050289,-0.3034527908499362,-1.041922438736383,-0.18095031938239298,-0.6218540139595173,-1.311025121737692,0.0576011965480339,-0.9360519190940148,0.10576154668479024,-0.9802776183340575,0.6487182138085418
2023-11-30,0.26926660327584645,0.5048798327405851,-0.35782927716227886,-0.09624750369736826,-0.034624462070108254,-0.26535981345261883,-0.7535004526940264,-0.885187877424352,-0.8746624528998276,-1.497189215362996,0.0576011965480339,-0.5766733540401039,1.2549292462203694,-0.7238259838653814,-1.5610050859847238
2023-12-31,-0.3639395226501877,0.12623315894742643,0.18521444979878476,-0.3420338075922408,-0.3444253636282083,-0.09554809748892774,-0.5130769551565512,-0.9485962399300457,-0.9589319325465974,-1.4862383863262136,0.0576011965480339,2.03481088535165,-0.14850491160808138,-0.5639597245900652,-0.8130933260508005
2024-01-31,-1.4558873220425101,-0.2718959302995872,-0.1768147015085904,0.6838431829356246,0.3086822800775963,0.34232465583713084,0.5503165362410016,-0.6922645617155395,-0.9589319325465974,-1.4095825830687354,0.0576011965480339,2.2504380243839943,-1.11443723955132,-0.25433860256937807,0.8824757782529399
2024-02-29,0.9235334577181874,-0.18491473515457205,0.36622902545247316,-0.3474288860415514,-0.08613876201185425,0.7136899935429762,0.34362610192197524,-0.8204304008227925,-1.0432014121933675,-1.5300417024733441,0.0576011965480339,-0.48083907002572623,1.5475353553368432,-0.10008395269806859,0.32046868947639195
2024-03-31,0.05486500323026673,-0.14272816905958327,0.0041998741450971705,0.28703560667012307,0.12935567619246877,0.8378352059449062,0.539123435782859,-0.8730458505615596,-1.1134259785656757,-1.5300417024733441,0.0576011965480339,0.621255196139599,-2.3145576706950046,-0.43198992070123166,-0.07808709780676698
2024-04-30,-0.31965530032473355,-0.12173932274021183,0.0041998741450971705,-0.4056173981503902,-0.11998944595853374,-0.003750974890441938,-0.0747684687142746,-0.5168797292529826,-1.197695458212446,-1.4862383863262136,0.0576011965480339,-0.5047976410293223,0.7868094770305423,-0.9725988885594271,0.8437556782608351
2024-05-31,0.48686092493574823,0.41020774418243394,0.0041998741450971705,0.34422148082554577,0.09550499224578926,-0.6323022254697326,-0.6796412200918655,-0.885187877424352,-1.1696056316635226,-1.5190908734365614,0.0576011965480339,-1.9183533302413731,-0.468379805542854,-0.3038497893315464,-0.3891014523435681
2024-06-30,-0.08234894433179298,-0.19918029920673622,0.36622902545247316,0.4424613834009321,0.2778959253560941,-0.9698941901466679,0.5618050409437887,-0.9499453540259115,-1.0432014121933675,-1.4862383863262136,0.0576011965480339,-0.19333621798259687,-0.102689767430463,-0.4231964018745568,0.898419618741345
2024-07-31,-1.0011732156638051,-0.12021311542972114,0.18521444979878637,0.23481221090120688,0.10323618609352468,-0.18775659873117528,-0.4329598368601337,-0.4210926284465094,-0.8606175396253659,-1.3219759507744746,0.0576011965480339,-0.40896335701494474,-0.4805747430646394,-0.6080750799182181,-0.2509685882651848
2024-08-31,0.3294399947889343,-0.09057686368499926,0.0041998741450971705,-0.4833133091272575,-0.1379790058793854,-0.22685814537167703,-0.6268905317175385,-0.6045721454842611,-0.8465726263509042,-1.1029593700388227,0.0576011965480339,0.3816694861036585,1.2039016821400934,-0.038476424085376194,-0.5696281840541393
2024-09-30,-0.7167230728276845,-0.2081940948428529,-0.17681470150859202,0.006816287333221276,0.07626372118905651,-0.017667600118614357,-0.7970539450660235,-0.37117540689947387,-0.9308421059976743,-0.9386969344870837,-1.0433351986715953,0.5493794831288141,-0.3402129735213562,-0.11915522303256151,-0.4574929116183723
2024-10-31,-0.44291179484887533,-0.012136856090643992,0.0041998741450971705,-0.19193216799075366,0.10297224769012875,0.25172602661615645,0.09491493117152894,0.49630495674224945,-1.1696056316635226,-0.9715494215974315,-1.5938033962814073,0.1181252050641252,0.12532865574341306,-0.2994896383634048,1.499932381482727
2024-11-30,-0.2853839998537763,0.21083875074834268,0.18521444979878637,0.08218505506866813,-0.08812057837735324,0.24633594164943043,-0.20520086678323307,-0.8055901457682686,-1.197695458212446,-1.0482052248549096,-0.9882883789106149,0.3337523440964697,-0.6666139426703985,0.20330017553439864,0.741022213995487
2024-12-31,0.8957718514206594,-0.12692556950207132,-0.17681470150859202,-0.24850627559908317,0.053919698365865666,0.45390011657083457,0.551868302354633,-0.2875303329557928,-1.2257852847613693,-0.7415820118249968,-0.8231479196276645,0.5493794831288176,1.78072531338825,-0.5532590638236969,1.1061834252644904
2025-01-31,-0.367036447543846,-0.02886827175397046,-0.1768147015085904,0.006816287333221276,0.0482502253623901,0.7788088861854305,0.032357420879527816,-0.4116488297754486,-1.1836505449379842,-0.7087295247146491,-0.7681010998666892,-0.528756212032915,-1.2631344661308457,-0.30672019042522947,-0.33238018559730836
2025-02-28,0.8878406697769018,-0.5368761865173859,0.36622902545247393,0.7170416647054795,0.07508496072532038,0.02620580565399266,-0.407940194813163,0.02006768090161425,-1.0151115856444441,-0.8291886441192577,0.0576011965480339,-1.6548090492018364,1.244463763748171,-0.2806422588176467,-0.09008491455178488
2025-03-31,-0.1688845649277316,0.49703155486591194,0.0041998741450971705,-0.4982182626934221,-0.19698262480084724,-0.6897999492920008,0.2374114731499972,0.3775829163060573,-0.7482582334296725,-0.7306311827882143,0.0576011965480339,-1.8225190462269956,-1.3037285425331107,-0.15498707477135293,-0.6581423886232806
2025-04-30,-0.028067393421986022,-0.22231654461765193,0.0041998741450971705,0.46568791208387855,0.13594700942642943,-0.2102676431725557,-1.8321808369748582,0.7040685275055859,-0.4673599679404392,-0.47876211494221466,0.0576011965480339,-1.1277204871227664,0.506097995123676,-0.14211049706658285,-1.7497226749517756
2025-05-31,-0.26848192382361474,-0.7678004771732766,0.18521444979878476,0.12151021829941733,0.3833941292999712,-0.44299184092757343,0.2834389945432341,-0.12293841326016268,-0.6358989272339791,-0.5335162601261275,0.0576011965480339,0.022290921049747607,-1.0519625202600273,-0.3472217476512646,-0.36318952787692427
2025-06-30,0.38051233839691273,-0.6792737650427436,-0.35782927716227964,-0.29647522815499666,0.03083006015528861,0.13459473376880385,0.7095541355195797,-0.37117540689947387,-0.7623031467041341,-0.5335162601261275,0.0576011965480339,2.0587694563552428,0.8658644388968978,0.04742554431279548,-1.0393261055567904
2025-07-31,0.2850409185899415,0.4946250351033804,0.36622902545247393,-0.28869478504417134,0.061971424799050344,0.038298924528696515,0.5518715116355121,-0.3725245209953399,-0.8746624528998276,-0.632073721457171,0.0576011965480339,0.2618766310856882,0.4853792812457108,-0.1567420585500238,1.0053858102000879
2025-08-31,-0.3695231224248836,-0.08548293066878915,0.0041998741450971705,0.4209511425551557,-0.18401573129574725,0.4848916666723182,-0.879340448055339,-0.5560040380330916,-0.6920785803318258,-0.4021063116847364,0.0576011965480339,-0.8162590640760444,-1.3209158435969566,-0.2800697960678364,-0.6670261743822906
2025-09-30,-0.0708097938894412,-0.09206030045267534,0.18521444979878637,-0.2575927243164165,0.015258518847527549,0.28692111951671745,-0.20047655828816535,-0.43188554121343575,-0.8746624528998276,-0.4897129439789971,-0.5479138208227633,-0.7204247800616685,0.27766378992337176,-0.14283658460957774,-0.03827225745090113
2025-10-31,-0.5420697264034932,-0.606281085964285,0.0041998741450971705,-0.09254994599532017,0.17761181206529367,-0.8136265198665285,-0.23971064157373134,-0.2753883060930004,-0.8465726263509042,-0.5444670891629102,-0.6580074603447238,-0.33708764400416324,-0.4500538907756888,-0.2176132606577765,0.5390516174592728
2025-11-30,-0.29018181401595805,-0.19124464068562175,0.18521444979878476,-0.11995169259618647,-0.35491785977859364,0.1274541555733959,-0.5283766113628382,-0.42244174254237493,-0.7201684068807491,-0.5006637730157797,-1.0983820184325754,-0.6006319250436982,0.45706604618808966,-0.5754207640164591,-0.15199716821707648
2025-12-31,0.35422752921759304,-0.5264739565351889,-0.1768147015085904,-0.33703510897935296,0.0369278070966954,0.2969693649608674,-0.24024541426661514,-0.6113177159635903,-0.8044378865275192,-0.32545050842725826,-0.823147919627667,0.47750377011803435,0.5626281546988967,-0.20977642488430867,-0.5799452296786919
